,path,file_name,file_size_Mb,last_access,last_modified,created_on
desktop.ini,D:\Pictures\iCloud Photos\Shared,desktop.ini,0.098,06 Jun 2020,08 Jul 2020,08 Jul 2020
Photos,D:\Pictures\iCloud Photos,Photos,49.152,08 Jul 2020,25 Sep 2020,08 Jul 2020
Shared,D:\Pictures\iCloud Photos,Shared,0.0,11 Jun 2020,25 Sep 2020,08 Jul 2020
003f83db-abf8-413b-b931-003620f6572f.jpg,D:\Pictures\iCloud Photos\Photos,003f83db-abf8-413b-b931-003620f6572f.jpg,64.808,25 May 2020,08 Jul 2020,08 Jul 2020
006a78a4-4a1d-4e92-9012-839ff16ccee0.mp4,D:\Pictures\iCloud Photos\Photos,006a78a4-4a1d-4e92-9012-839ff16ccee0.mp4,3628.54,25 May 2020,08 Jul 2020,08 Jul 2020
00bc53d6-b421-44a4-9510-9edc35f3854c.jpg,D:\Pictures\iCloud Photos\Photos,00bc53d6-b421-44a4-9510-9edc35f3854c.jpg,118.461,25 May 2020,08 Jul 2020,08 Jul 2020
00f3cfd7-6394-48ea-8508-79949fed3ec1.mp4,D:\Pictures\iCloud Photos\Photos,00f3cfd7-6394-48ea-8508-79949fed3ec1.mp4,1488.51,25 May 2020,08 Jul 2020,08 Jul 2020
0137df01-780d-497d-a1a3-6d5cf39adb3f.mp4,D:\Pictures\iCloud Photos\Photos,0137df01-780d-497d-a1a3-6d5cf39adb3f.mp4,1474.004,25 May 2020,08 Jul 2020,08 Jul 2020
01528022-e483-46c4-a307-581162c9348c.jpg,D:\Pictures\iCloud Photos\Photos,01528022-e483-46c4-a307-581162c9348c.jpg,417.783,25 May 2020,08 Jul 2020,08 Jul 2020
01749bf9-5009-489d-9529-814b405f399b.mp4,D:\Pictures\iCloud Photos\Photos,01749bf9-5009-489d-9529-814b405f399b.mp4,1473.334,25 May 2020,08 Jul 2020,08 Jul 2020
028dcf37-a73a-4edb-a339-918f277873e5.jpg,D:\Pictures\iCloud Photos\Photos,028dcf37-a73a-4edb-a339-918f277873e5.jpg,86.797,25 May 2020,08 Jul 2020,08 Jul 2020
02f7e8da-3622-4b70-850c-1fa0b9f49c86.jpg,D:\Pictures\iCloud Photos\Photos,02f7e8da-3622-4b70-850c-1fa0b9f49c86.jpg,219.218,25 May 2020,08 Jul 2020,08 Jul 2020
031eaf6a-78cf-4967-8171-2dee6582feec.jpg,D:\Pictures\iCloud Photos\Photos,031eaf6a-78cf-4967-8171-2dee6582feec.jpg,192.402,25 May 2020,08 Jul 2020,08 Jul 2020
032573aa-bc06-420e-9e80-874136cdd7a3.jpg,D:\Pictures\iCloud Photos\Photos,032573aa-bc06-420e-9e80-874136cdd7a3.jpg,73.636,25 May 2020,08 Jul 2020,08 Jul 2020
034a68e9-18d3-4830-b57a-bd2520bed422.jpg,D:\Pictures\iCloud Photos\Photos,034a68e9-18d3-4830-b57a-bd2520bed422.jpg,386.456,25 May 2020,08 Jul 2020,08 Jul 2020
0371F17D-4918-413D-9B77-599BBB45AF42.JPG,D:\Pictures\iCloud Photos\Photos,0371F17D-4918-413D-9B77-599BBB45AF42.JPG,960.655,25 May 2020,08 Jul 2020,08 Jul 2020
037B134F-FE1D-462B-9F35-4D6F9F043B51.jpg,D:\Pictures\iCloud Photos\Photos,037B134F-FE1D-462B-9F35-4D6F9F043B51.jpg,1826.572,25 May 2020,08 Jul 2020,08 Jul 2020
0389198d-4cf7-4cc8-8b64-3710724ec576.jpg,D:\Pictures\iCloud Photos\Photos,0389198d-4cf7-4cc8-8b64-3710724ec576.jpg,69.291,25 May 2020,08 Jul 2020,08 Jul 2020
03d920d4-261c-4577-b854-c5ff12f67672.jpg,D:\Pictures\iCloud Photos\Photos,03d920d4-261c-4577-b854-c5ff12f67672.jpg,126.294,25 May 2020,08 Jul 2020,08 Jul 2020
03ff5990-e852-4843-91d7-4a74028b03d8.mp4,D:\Pictures\iCloud Photos\Photos,03ff5990-e852-4843-91d7-4a74028b03d8.mp4,1367.262,25 May 2020,08 Jul 2020,08 Jul 2020
0503b5df-f79e-4153-b751-53186f766397.jpg,D:\Pictures\iCloud Photos\Photos,0503b5df-f79e-4153-b751-53186f766397.jpg,174.94,25 May 2020,08 Jul 2020,08 Jul 2020
062007e5-0cdc-4957-ba54-b219df86b5de.jpg,D:\Pictures\iCloud Photos\Photos,062007e5-0cdc-4957-ba54-b219df86b5de.jpg,110.536,25 May 2020,08 Jul 2020,08 Jul 2020
06a25a48-4499-451c-b514-19b2ccf41ab3.jpg,D:\Pictures\iCloud Photos\Photos,06a25a48-4499-451c-b514-19b2ccf41ab3.jpg,109.089,25 May 2020,08 Jul 2020,08 Jul 2020
06d686a7-fb6a-4126-864b-3c3298b70579.jpg,D:\Pictures\iCloud Photos\Photos,06d686a7-fb6a-4126-864b-3c3298b70579.jpg,80.477,25 May 2020,08 Jul 2020,08 Jul 2020
06F7EBBA-68C7-4852-BD1D-708F9BEDD6E9.jpg,D:\Pictures\iCloud Photos\Photos,06F7EBBA-68C7-4852-BD1D-708F9BEDD6E9.jpg,1385.873,25 May 2020,08 Jul 2020,08 Jul 2020
070e8988-4590-4e8b-ad4f-bd62175a8c5f.jpg,D:\Pictures\iCloud Photos\Photos,070e8988-4590-4e8b-ad4f-bd62175a8c5f.jpg,71.131,25 May 2020,08 Jul 2020,08 Jul 2020
075dd726-f2e3-4f4f-8496-eff02832aa89.jpg,D:\Pictures\iCloud Photos\Photos,075dd726-f2e3-4f4f-8496-eff02832aa89.jpg,139.172,25 May 2020,08 Jul 2020,08 Jul 2020
07bf031a-acd6-46ad-8a81-f2923799d422.jpg,D:\Pictures\iCloud Photos\Photos,07bf031a-acd6-46ad-8a81-f2923799d422.jpg,120.55,25 May 2020,08 Jul 2020,08 Jul 2020
083D00CA-F8A8-415E-AF5F-0258388472F3.jpg,D:\Pictures\iCloud Photos\Photos,083D00CA-F8A8-415E-AF5F-0258388472F3.jpg,531.535,25 May 2020,08 Jul 2020,08 Jul 2020
0878e2f7-56d5-47d9-b62f-90e9662d3942.jpg,D:\Pictures\iCloud Photos\Photos,0878e2f7-56d5-47d9-b62f-90e9662d3942.jpg,215.17,25 May 2020,08 Jul 2020,08 Jul 2020
08dec31e-1ee9-4c11-80af-3b56f1c96358.jpg,D:\Pictures\iCloud Photos\Photos,08dec31e-1ee9-4c11-80af-3b56f1c96358.jpg,710.493,25 May 2020,08 Jul 2020,08 Jul 2020
0975768a-15b3-4217-b6f5-f514941b6235.mp4,D:\Pictures\iCloud Photos\Photos,0975768a-15b3-4217-b6f5-f514941b6235.mp4,2204.121,25 May 2020,08 Jul 2020,08 Jul 2020
09efa740-1969-4c62-afc8-6c62147908f9.jpg,D:\Pictures\iCloud Photos\Photos,09efa740-1969-4c62-afc8-6c62147908f9.jpg,91.556,25 May 2020,08 Jul 2020,08 Jul 2020
09fc80b4-5581-46e9-8f1b-107908891b9d.mp4,D:\Pictures\iCloud Photos\Photos,09fc80b4-5581-46e9-8f1b-107908891b9d.mp4,1517.244,25 May 2020,08 Jul 2020,08 Jul 2020
0a3d9fa6-f52a-4ee2-9861-2db78fb96ff2.jpg,D:\Pictures\iCloud Photos\Photos,0a3d9fa6-f52a-4ee2-9861-2db78fb96ff2.jpg,141.109,25 May 2020,08 Jul 2020,08 Jul 2020
0A8A34FC-0D30-476B-BFBA-3411059CA7BE.jpg,D:\Pictures\iCloud Photos\Photos,0A8A34FC-0D30-476B-BFBA-3411059CA7BE.jpg,1878.455,25 May 2020,08 Jul 2020,08 Jul 2020
0b2c4785-ad32-4f9e-8af1-3393f36981ff.jpg,D:\Pictures\iCloud Photos\Photos,0b2c4785-ad32-4f9e-8af1-3393f36981ff.jpg,306.107,25 May 2020,08 Jul 2020,08 Jul 2020
0b93166d-9818-4841-836d-0911dd80c28a.jpg,D:\Pictures\iCloud Photos\Photos,0b93166d-9818-4841-836d-0911dd80c28a.jpg,94.021,25 May 2020,08 Jul 2020,08 Jul 2020
0b95c66b-a9cd-4a54-bbbf-e91e8f02b0f1.mp4,D:\Pictures\iCloud Photos\Photos,0b95c66b-a9cd-4a54-bbbf-e91e8f02b0f1.mp4,875.654,25 May 2020,08 Jul 2020,08 Jul 2020
0c99565b-8e32-4e9b-82ab-a1082f7c96de.mp4,D:\Pictures\iCloud Photos\Photos,0c99565b-8e32-4e9b-82ab-a1082f7c96de.mp4,1507.175,25 May 2020,08 Jul 2020,08 Jul 2020
0cc50f09-417f-4374-bf29-6de290bb5a49.jpg,D:\Pictures\iCloud Photos\Photos,0cc50f09-417f-4374-bf29-6de290bb5a49.jpg,151.093,25 May 2020,08 Jul 2020,08 Jul 2020
0cfa6ba6-4ca8-44e0-bd5a-e34cc4796d2d.jpg,D:\Pictures\iCloud Photos\Photos,0cfa6ba6-4ca8-44e0-bd5a-e34cc4796d2d.jpg,135.529,25 May 2020,08 Jul 2020,08 Jul 2020
0d6ed277-4051-459b-be11-a6ecf76f4390.jpg,D:\Pictures\iCloud Photos\Photos,0d6ed277-4051-459b-be11-a6ecf76f4390.jpg,164.475,25 May 2020,08 Jul 2020,08 Jul 2020
0d999e03-2684-4f53-ad75-f2b3c44e0526.jpg,D:\Pictures\iCloud Photos\Photos,0d999e03-2684-4f53-ad75-f2b3c44e0526.jpg,99.016,25 May 2020,08 Jul 2020,08 Jul 2020
0dcd3956-2a26-493e-be14-b4d948f7773d.jpg,D:\Pictures\iCloud Photos\Photos,0dcd3956-2a26-493e-be14-b4d948f7773d.jpg,132.32,25 May 2020,08 Jul 2020,08 Jul 2020
0e0468a4-36c5-4438-8d20-1764db21f1a7.jpg,D:\Pictures\iCloud Photos\Photos,0e0468a4-36c5-4438-8d20-1764db21f1a7.jpg,113.1,25 May 2020,08 Jul 2020,08 Jul 2020
0e2e2f48-0676-45d5-a5d8-e4cdb101cd49.jpg,D:\Pictures\iCloud Photos\Photos,0e2e2f48-0676-45d5-a5d8-e4cdb101cd49.jpg,122.835,25 May 2020,08 Jul 2020,08 Jul 2020
0e5ac50b-ece8-4aa6-9cd9-e9b16fe0a2f7.jpg,D:\Pictures\iCloud Photos\Photos,0e5ac50b-ece8-4aa6-9cd9-e9b16fe0a2f7.jpg,89.274,25 May 2020,08 Jul 2020,08 Jul 2020
0e69a6ea-228d-407b-80b7-31bf150412f6.jpg,D:\Pictures\iCloud Photos\Photos,0e69a6ea-228d-407b-80b7-31bf150412f6.jpg,64.684,25 May 2020,08 Jul 2020,08 Jul 2020
0E918143-C873-4FEF-8737-C4BD53689C6C.jpg,D:\Pictures\iCloud Photos\Photos,0E918143-C873-4FEF-8737-C4BD53689C6C.jpg,3223.653,25 May 2020,08 Jul 2020,08 Jul 2020
0eb59380-02e7-43af-a790-83d41c78b273.jpg,D:\Pictures\iCloud Photos\Photos,0eb59380-02e7-43af-a790-83d41c78b273.jpg,216.547,25 May 2020,08 Jul 2020,08 Jul 2020
0f20ee18-70af-4331-a0bf-6259a587330f.mp4,D:\Pictures\iCloud Photos\Photos,0f20ee18-70af-4331-a0bf-6259a587330f.mp4,1231.79,25 May 2020,08 Jul 2020,08 Jul 2020
0f413bde-8570-4c6d-9f05-10cab29de835.jpg,D:\Pictures\iCloud Photos\Photos,0f413bde-8570-4c6d-9f05-10cab29de835.jpg,154.162,25 May 2020,08 Jul 2020,08 Jul 2020
0f7c85ac-0ece-47a1-b32e-c283f7303520.mp4,D:\Pictures\iCloud Photos\Photos,0f7c85ac-0ece-47a1-b32e-c283f7303520.mp4,1336.236,25 May 2020,08 Jul 2020,08 Jul 2020
0f8984f3-566f-4a4a-9e75-612d95fec2c4.jpg,D:\Pictures\iCloud Photos\Photos,0f8984f3-566f-4a4a-9e75-612d95fec2c4.jpg,152.739,25 May 2020,08 Jul 2020,08 Jul 2020
0f90d35d-9dcd-477b-9c73-77e0af48dfac.jpg,D:\Pictures\iCloud Photos\Photos,0f90d35d-9dcd-477b-9c73-77e0af48dfac.jpg,51.828,25 May 2020,08 Jul 2020,08 Jul 2020
0F9A11BA-164B-4BEE-88C9-810DF144987B.jpg,D:\Pictures\iCloud Photos\Photos,0F9A11BA-164B-4BEE-88C9-810DF144987B.jpg,1769.497,30 Jun 2020,08 Jul 2020,08 Jul 2020
0fa9bac7-0f8b-4b64-b4ee-1f204511a026.jpg,D:\Pictures\iCloud Photos\Photos,0fa9bac7-0f8b-4b64-b4ee-1f204511a026.jpg,221.299,25 May 2020,08 Jul 2020,08 Jul 2020
10523bd6-b739-41da-b74c-b4089d3ab0da.mp4,D:\Pictures\iCloud Photos\Photos,10523bd6-b739-41da-b74c-b4089d3ab0da.mp4,1468.283,25 May 2020,08 Jul 2020,08 Jul 2020
1080p(1).mov,D:\Pictures\iCloud Photos\Photos,1080p(1).mov,18067.51,25 May 2020,08 Jul 2020,08 Jul 2020
1080p.mov,D:\Pictures\iCloud Photos\Photos,1080p.mov,53558.773,25 May 2020,08 Jul 2020,08 Jul 2020
11097ca8-bfbd-4c9f-b358-d8973a10bfd7.jpg,D:\Pictures\iCloud Photos\Photos,11097ca8-bfbd-4c9f-b358-d8973a10bfd7.jpg,206.533,25 May 2020,08 Jul 2020,08 Jul 2020
119e4321-680e-4d18-8380-7b45256d407b.mp4,D:\Pictures\iCloud Photos\Photos,119e4321-680e-4d18-8380-7b45256d407b.mp4,1476.865,25 May 2020,08 Jul 2020,08 Jul 2020
11b7c5b1-4b9e-4021-a048-a39de4e52e64.jpg,D:\Pictures\iCloud Photos\Photos,11b7c5b1-4b9e-4021-a048-a39de4e52e64.jpg,139.984,25 May 2020,08 Jul 2020,08 Jul 2020
11C7CAA2-DE97-4BF7-9A31-0224D54EC4FE.jpg,D:\Pictures\iCloud Photos\Photos,11C7CAA2-DE97-4BF7-9A31-0224D54EC4FE.jpg,1757.34,25 May 2020,08 Jul 2020,08 Jul 2020
11e37a9c-c700-4f5d-8b97-9ca6f90705e6.jpg,D:\Pictures\iCloud Photos\Photos,11e37a9c-c700-4f5d-8b97-9ca6f90705e6.jpg,298.423,25 May 2020,08 Jul 2020,08 Jul 2020
11e7c8b0-fc24-46df-b677-089568200c20.jpg,D:\Pictures\iCloud Photos\Photos,11e7c8b0-fc24-46df-b677-089568200c20.jpg,124.027,25 May 2020,08 Jul 2020,08 Jul 2020
121a3f6e-6cf5-4c32-bd60-9158865a9bec.jpg,D:\Pictures\iCloud Photos\Photos,121a3f6e-6cf5-4c32-bd60-9158865a9bec.jpg,180.215,25 May 2020,08 Jul 2020,08 Jul 2020
1253f5f1-dc66-43b4-8521-d72299dd3421.jpg,D:\Pictures\iCloud Photos\Photos,1253f5f1-dc66-43b4-8521-d72299dd3421.jpg,76.994,25 May 2020,08 Jul 2020,08 Jul 2020
12756c07-11cb-4055-94e5-a3501793587f.jpg,D:\Pictures\iCloud Photos\Photos,12756c07-11cb-4055-94e5-a3501793587f.jpg,161.251,25 May 2020,08 Jul 2020,08 Jul 2020
12aede24-babb-46f0-960c-b1c2340dd644.mp4,D:\Pictures\iCloud Photos\Photos,12aede24-babb-46f0-960c-b1c2340dd644.mp4,1459.526,25 May 2020,08 Jul 2020,08 Jul 2020
12B7916A-F088-492E-8242-78BE293679E5.jpg,D:\Pictures\iCloud Photos\Photos,12B7916A-F088-492E-8242-78BE293679E5.jpg,2282.627,25 May 2020,08 Jul 2020,08 Jul 2020
12c8ceb5-551a-4da5-91ef-fe92dfa4a545.jpg,D:\Pictures\iCloud Photos\Photos,12c8ceb5-551a-4da5-91ef-fe92dfa4a545.jpg,152.913,25 May 2020,08 Jul 2020,08 Jul 2020
12e39819-f2a8-40a0-bbcc-84c6ce736e62.jpg,D:\Pictures\iCloud Photos\Photos,12e39819-f2a8-40a0-bbcc-84c6ce736e62.jpg,73.783,25 May 2020,08 Jul 2020,08 Jul 2020
13024538-036d-4e45-b74a-b9e03d6c428c.mp4,D:\Pictures\iCloud Photos\Photos,13024538-036d-4e45-b74a-b9e03d6c428c.mp4,612.198,25 May 2020,08 Jul 2020,08 Jul 2020
1316c163-cc01-4000-be0a-b7f4401dd3ca.mp4,D:\Pictures\iCloud Photos\Photos,1316c163-cc01-4000-be0a-b7f4401dd3ca.mp4,5790.874,25 May 2020,08 Jul 2020,08 Jul 2020
1353016e-16db-497b-95b2-0b63ec874e03.jpg,D:\Pictures\iCloud Photos\Photos,1353016e-16db-497b-95b2-0b63ec874e03.jpg,89.811,25 May 2020,08 Jul 2020,08 Jul 2020
13932F69-FBA1-40C0-BB81-1781B05C9B44.mp4,D:\Pictures\iCloud Photos\Photos,13932F69-FBA1-40C0-BB81-1781B05C9B44.mp4,11382.126,25 May 2020,08 Jul 2020,08 Jul 2020
1399d83c-d3e2-4e43-9061-9065207efbc5.jpg,D:\Pictures\iCloud Photos\Photos,1399d83c-d3e2-4e43-9061-9065207efbc5.jpg,114.468,25 May 2020,08 Jul 2020,08 Jul 2020
13c9e4ed-bd9d-42f5-8fe6-7ced7370efc4.jpg,D:\Pictures\iCloud Photos\Photos,13c9e4ed-bd9d-42f5-8fe6-7ced7370efc4.jpg,416.745,25 May 2020,08 Jul 2020,08 Jul 2020
140d8c41-09ba-4db1-a072-26d3a627f8f2.jpg,D:\Pictures\iCloud Photos\Photos,140d8c41-09ba-4db1-a072-26d3a627f8f2.jpg,182.443,25 May 2020,08 Jul 2020,08 Jul 2020
142f5c1e-b28c-4ae6-938e-5d80eeb4b855.mp4,D:\Pictures\iCloud Photos\Photos,142f5c1e-b28c-4ae6-938e-5d80eeb4b855.mp4,8925.171,25 May 2020,08 Jul 2020,08 Jul 2020
146758ad-286a-44c9-8ae9-493ab2e9468d.jpg,D:\Pictures\iCloud Photos\Photos,146758ad-286a-44c9-8ae9-493ab2e9468d.jpg,321.999,25 May 2020,08 Jul 2020,08 Jul 2020
2AEA31A7-E2BE-4E66-B9C1-D73F4BBB09A1.jpg,D:\Pictures\iCloud Photos\Photos,2AEA31A7-E2BE-4E66-B9C1-D73F4BBB09A1.jpg,3315.319,02 Jun 2020,08 Jul 2020,08 Jul 2020
4a335aba-a8b9-49ec-9207-d8a4a0c541f8.jpg,D:\Pictures\iCloud Photos\Photos,4a335aba-a8b9-49ec-9207-d8a4a0c541f8.jpg,136.252,25 May 2020,08 Jul 2020,08 Jul 2020
4e5444d2-0796-4408-b8e3-bb4887edf20a.jpg,D:\Pictures\iCloud Photos\Photos,4e5444d2-0796-4408-b8e3-bb4887edf20a.jpg,172.592,25 May 2020,08 Jul 2020,08 Jul 2020
5c97ad7c-4468-46b3-953f-3cbbf08d7a9e.jpg,D:\Pictures\iCloud Photos\Photos,5c97ad7c-4468-46b3-953f-3cbbf08d7a9e.jpg,128.008,25 May 2020,08 Jul 2020,08 Jul 2020
5d4b9814-b7d8-40e8-9aaf-f06462f7a3be.jpg,D:\Pictures\iCloud Photos\Photos,5d4b9814-b7d8-40e8-9aaf-f06462f7a3be.jpg,120.206,25 May 2020,08 Jul 2020,08 Jul 2020
5D4E79A7-5522-4463-8177-212C549D5254.jpg,D:\Pictures\iCloud Photos\Photos,5D4E79A7-5522-4463-8177-212C549D5254.jpg,1344.137,25 May 2020,08 Jul 2020,08 Jul 2020
75D7E608-F9BF-4631-87B7-18BEA9A323BB.jpg,D:\Pictures\iCloud Photos\Photos,75D7E608-F9BF-4631-87B7-18BEA9A323BB.jpg,1919.958,06 Jul 2020,08 Jul 2020,08 Jul 2020
973361A4-8851-432A-A995-6732714C7CE7.jpg,D:\Pictures\iCloud Photos\Photos,973361A4-8851-432A-A995-6732714C7CE7.jpg,1810.53,02 Jun 2020,08 Jul 2020,08 Jul 2020
A97C8E37-E9EA-40C9-BC25-5693CD3CAAFC.jpg,D:\Pictures\iCloud Photos\Photos,A97C8E37-E9EA-40C9-BC25-5693CD3CAAFC.jpg,3046.124,09 Jun 2020,08 Jul 2020,08 Jul 2020
C2CAE788-1156-4801-8D95-5F8314F61B36.JPG,D:\Pictures\iCloud Photos\Photos,C2CAE788-1156-4801-8D95-5F8314F61B36.JPG,1291.152,02 Jun 2020,08 Jul 2020,08 Jul 2020
FA4D9F23-53D8-491D-9D46-A3B6D6AB9C6A.jpg,D:\Pictures\iCloud Photos\Photos,FA4D9F23-53D8-491D-9D46-A3B6D6AB9C6A.jpg,1878.445,04 Jul 2020,08 Jul 2020,08 Jul 2020
IMG_1776.HEIC,D:\Pictures\iCloud Photos\Photos,IMG_1776.HEIC,1377.076,09 Jun 2020,08 Jul 2020,08 Jul 2020
IMG_1818.mp4,D:\Pictures\iCloud Photos\Photos,IMG_1818.mp4,546.858,30 Jun 2020,08 Jul 2020,08 Jul 2020
IMG_1819.MOV,D:\Pictures\iCloud Photos\Photos,IMG_1819.MOV,21201.275,30 Jun 2020,08 Jul 2020,08 Jul 2020
IMG_1821.MOV,D:\Pictures\iCloud Photos\Photos,IMG_1821.MOV,67926.599,30 Jun 2020,08 Jul 2020,08 Jul 2020
IMG_1826.HEIC,D:\Pictures\iCloud Photos\Photos,IMG_1826.HEIC,1964.841,30 Jun 2020,08 Jul 2020,08 Jul 2020
IMG_1828.HEIC,D:\Pictures\iCloud Photos\Photos,IMG_1828.HEIC,1294.825,30 Jun 2020,08 Jul 2020,08 Jul 2020
IMG_1834.HEIC,D:\Pictures\iCloud Photos\Photos,IMG_1834.HEIC,879.241,30 Jun 2020,08 Jul 2020,08 Jul 2020
IMG_1851(1).MOV,D:\Pictures\iCloud Photos\Photos,IMG_1851(1).MOV,17841.248,05 Apr 2020,08 Jul 2020,08 Jul 2020
IMG_1852.MOV,D:\Pictures\iCloud Photos\Photos,IMG_1852.MOV,13648.626,30 Jun 2020,08 Jul 2020,08 Jul 2020
IMG_1860.MOV,D:\Pictures\iCloud Photos\Photos,IMG_1860.MOV,291763.657,30 Jun 2020,08 Jul 2020,08 Jul 2020
IMG_1861.mp4,D:\Pictures\iCloud Photos\Photos,IMG_1861.mp4,2336.439,30 Jun 2020,08 Jul 2020,08 Jul 2020
IMG_1863.HEIC,D:\Pictures\iCloud Photos\Photos,IMG_1863.HEIC,1875.675,30 Jun 2020,08 Jul 2020,08 Jul 2020
IMG_2031.MOV,D:\Pictures\iCloud Photos\Photos,IMG_2031.MOV,85667.469,09 Jun 2020,08 Jul 2020,08 Jul 2020
IMG_2032.HEIC,D:\Pictures\iCloud Photos\Photos,IMG_2032.HEIC,1892.758,09 Jun 2020,08 Jul 2020,08 Jul 2020
IMG_2033.HEIC,D:\Pictures\iCloud Photos\Photos,IMG_2033.HEIC,504.17,09 Jun 2020,08 Jul 2020,08 Jul 2020
IMG_2036.HEIC,D:\Pictures\iCloud Photos\Photos,IMG_2036.HEIC,3070.015,09 Jun 2020,08 Jul 2020,08 Jul 2020
IMG_2037.HEIC,D:\Pictures\iCloud Photos\Photos,IMG_2037.HEIC,3108.393,09 Jun 2020,08 Jul 2020,08 Jul 2020
IMG_2038.HEIC,D:\Pictures\iCloud Photos\Photos,IMG_2038.HEIC,804.986,09 Jun 2020,08 Jul 2020,08 Jul 2020
IMG_2046.MOV,D:\Pictures\iCloud Photos\Photos,IMG_2046.MOV,1896694.326,03 Jun 2020,08 Jul 2020,08 Jul 2020
IMG_2048.MOV,D:\Pictures\iCloud Photos\Photos,IMG_2048.MOV,41858.071,09 Jun 2020,08 Jul 2020,08 Jul 2020
IMG_2049.HEIC,D:\Pictures\iCloud Photos\Photos,IMG_2049.HEIC,1392.449,02 Jun 2020,08 Jul 2020,08 Jul 2020
IMG_2051.HEIC,D:\Pictures\iCloud Photos\Photos,IMG_2051.HEIC,2048.403,09 Jun 2020,08 Jul 2020,08 Jul 2020
IMG_2052.HEIC,D:\Pictures\iCloud Photos\Photos,IMG_2052.HEIC,1557.588,02 Jun 2020,08 Jul 2020,08 Jul 2020
IMG_2053.PNG,D:\Pictures\iCloud Photos\Photos,IMG_2053.PNG,5126.569,09 Jun 2020,08 Jul 2020,08 Jul 2020
IMG_2054.MOV,D:\Pictures\iCloud Photos\Photos,IMG_2054.MOV,113045.943,02 Jun 2020,08 Jul 2020,08 Jul 2020
IMG_2055.MOV,D:\Pictures\iCloud Photos\Photos,IMG_2055.MOV,57945.648,02 Jun 2020,08 Jul 2020,08 Jul 2020
IMG_2056.HEIC,D:\Pictures\iCloud Photos\Photos,IMG_2056.HEIC,2127.706,02 Jun 2020,08 Jul 2020,08 Jul 2020
IMG_2058.PNG,D:\Pictures\iCloud Photos\Photos,IMG_2058.PNG,948.8,02 Jun 2020,08 Jul 2020,08 Jul 2020
IMG_2060.HEIC,D:\Pictures\iCloud Photos\Photos,IMG_2060.HEIC,1537.552,09 Jun 2020,08 Jul 2020,08 Jul 2020
IMG_2061.HEIC,D:\Pictures\iCloud Photos\Photos,IMG_2061.HEIC,1636.363,02 Jun 2020,08 Jul 2020,08 Jul 2020
IMG_2062.HEIC,D:\Pictures\iCloud Photos\Photos,IMG_2062.HEIC,1778.353,02 Jun 2020,08 Jul 2020,08 Jul 2020
IMG_2063.HEIC,D:\Pictures\iCloud Photos\Photos,IMG_2063.HEIC,2026.749,02 Jun 2020,08 Jul 2020,08 Jul 2020
IMG_2066.HEIC,D:\Pictures\iCloud Photos\Photos,IMG_2066.HEIC,1485.46,02 Jun 2020,08 Jul 2020,08 Jul 2020
IMG_2067.HEIC,D:\Pictures\iCloud Photos\Photos,IMG_2067.HEIC,2208.469,02 Jun 2020,08 Jul 2020,08 Jul 2020
IMG_2068.HEIC,D:\Pictures\iCloud Photos\Photos,IMG_2068.HEIC,2114.411,02 Jun 2020,08 Jul 2020,08 Jul 2020
IMG_2069.HEIC,D:\Pictures\iCloud Photos\Photos,IMG_2069.HEIC,2071.509,02 Jun 2020,08 Jul 2020,08 Jul 2020
IMG_2070.HEIC,D:\Pictures\iCloud Photos\Photos,IMG_2070.HEIC,2169.623,02 Jun 2020,08 Jul 2020,08 Jul 2020
IMG_2071.HEIC,D:\Pictures\iCloud Photos\Photos,IMG_2071.HEIC,806.991,02 Jun 2020,08 Jul 2020,08 Jul 2020
IMG_2073.PNG,D:\Pictures\iCloud Photos\Photos,IMG_2073.PNG,196.347,02 Jun 2020,08 Jul 2020,08 Jul 2020
IMG_2074.HEIC,D:\Pictures\iCloud Photos\Photos,IMG_2074.HEIC,1364.176,02 Jun 2020,08 Jul 2020,08 Jul 2020
IMG_2075.MOV,D:\Pictures\iCloud Photos\Photos,IMG_2075.MOV,6545.861,02 Jun 2020,08 Jul 2020,08 Jul 2020
IMG_2078.HEIC,D:\Pictures\iCloud Photos\Photos,IMG_2078.HEIC,1790.356,02 Jun 2020,08 Jul 2020,08 Jul 2020
IMG_2079.HEIC,D:\Pictures\iCloud Photos\Photos,IMG_2079.HEIC,1797.597,02 Jun 2020,08 Jul 2020,08 Jul 2020
IMG_2080.HEIC,D:\Pictures\iCloud Photos\Photos,IMG_2080.HEIC,2517.402,02 Jun 2020,08 Jul 2020,08 Jul 2020
IMG_2081.MOV,D:\Pictures\iCloud Photos\Photos,IMG_2081.MOV,54893.577,02 Jun 2020,08 Jul 2020,08 Jul 2020
IMG_2082.HEIC,D:\Pictures\iCloud Photos\Photos,IMG_2082.HEIC,1091.442,02 Jun 2020,08 Jul 2020,08 Jul 2020
IMG_2083.HEIC,D:\Pictures\iCloud Photos\Photos,IMG_2083.HEIC,2448.689,02 Jun 2020,08 Jul 2020,08 Jul 2020
IMG_2084.HEIC,D:\Pictures\iCloud Photos\Photos,IMG_2084.HEIC,1755.618,02 Jun 2020,08 Jul 2020,08 Jul 2020
IMG_2085.HEIC,D:\Pictures\iCloud Photos\Photos,IMG_2085.HEIC,1853.277,02 Jun 2020,08 Jul 2020,08 Jul 2020
IMG_2086.HEIC,D:\Pictures\iCloud Photos\Photos,IMG_2086.HEIC,1858.185,02 Jun 2020,08 Jul 2020,08 Jul 2020
IMG_2087.HEIC,D:\Pictures\iCloud Photos\Photos,IMG_2087.HEIC,1901.136,02 Jun 2020,08 Jul 2020,08 Jul 2020
IMG_2089.MOV,D:\Pictures\iCloud Photos\Photos,IMG_2089.MOV,81587.739,02 Jun 2020,08 Jul 2020,08 Jul 2020
IMG_2090.MOV,D:\Pictures\iCloud Photos\Photos,IMG_2090.MOV,42723.842,02 Jun 2020,08 Jul 2020,08 Jul 2020
IMG_2091.PNG,D:\Pictures\iCloud Photos\Photos,IMG_2091.PNG,75.148,31 May 2020,08 Jul 2020,08 Jul 2020
IMG_2097.PNG,D:\Pictures\iCloud Photos\Photos,IMG_2097.PNG,3823.379,06 Jun 2020,08 Jul 2020,08 Jul 2020
IMG_2098.PNG,D:\Pictures\iCloud Photos\Photos,IMG_2098.PNG,4403.607,06 Jun 2020,08 Jul 2020,08 Jul 2020
IMG_2099.PNG,D:\Pictures\iCloud Photos\Photos,IMG_2099.PNG,599.789,06 Jun 2020,08 Jul 2020,08 Jul 2020
IMG_2100.PNG,D:\Pictures\iCloud Photos\Photos,IMG_2100.PNG,205.767,06 Jun 2020,08 Jul 2020,08 Jul 2020
IMG_2101.HEIC,D:\Pictures\iCloud Photos\Photos,IMG_2101.HEIC,3960.748,06 Jun 2020,08 Jul 2020,08 Jul 2020
IMG_2103.PNG,D:\Pictures\iCloud Photos\Photos,IMG_2103.PNG,532.037,09 Jun 2020,08 Jul 2020,08 Jul 2020
IMG_2107.PNG,D:\Pictures\iCloud Photos\Photos,IMG_2107.PNG,479.431,08 Jun 2020,08 Jul 2020,08 Jul 2020
IMG_2109.PNG,D:\Pictures\iCloud Photos\Photos,IMG_2109.PNG,2614.126,08 Jun 2020,08 Jul 2020,08 Jul 2020
IMG_2110.HEIC,D:\Pictures\iCloud Photos\Photos,IMG_2110.HEIC,1466.31,09 Jun 2020,08 Jul 2020,08 Jul 2020
IMG_2411.MOV,D:\Pictures\iCloud Photos\Photos,IMG_2411.MOV,47324.522,01 Jul 2020,08 Jul 2020,08 Jul 2020
IMG_2412.HEIC,D:\Pictures\iCloud Photos\Photos,IMG_2412.HEIC,2501.074,04 Jul 2020,08 Jul 2020,08 Jul 2020
IMG_2462.HEIC,D:\Pictures\iCloud Photos\Photos,IMG_2462.HEIC,1206.766,05 Jul 2020,08 Jul 2020,08 Jul 2020
IMG_2463.HEIC,D:\Pictures\iCloud Photos\Photos,IMG_2463.HEIC,1315.114,07 Jul 2020,08 Jul 2020,08 Jul 2020
IMG_2464.HEIC,D:\Pictures\iCloud Photos\Photos,IMG_2464.HEIC,1867.418,07 Jul 2020,08 Jul 2020,08 Jul 2020
IMG_2465.HEIC,D:\Pictures\iCloud Photos\Photos,IMG_2465.HEIC,2202.141,07 Jul 2020,08 Jul 2020,08 Jul 2020
IMG_2466.HEIC,D:\Pictures\iCloud Photos\Photos,IMG_2466.HEIC,2155.382,07 Jul 2020,08 Jul 2020,08 Jul 2020
IMG_2468.HEIC,D:\Pictures\iCloud Photos\Photos,IMG_2468.HEIC,2143.478,07 Jul 2020,08 Jul 2020,08 Jul 2020
RPReplay_Final1590574922.mp4,D:\Pictures\iCloud Photos\Photos,RPReplay_Final1590574922.mp4,9878.689,02 Jun 2020,08 Jul 2020,08 Jul 2020
Family,D:\Pictures\iCloud Photos\Shared,Family,4.096,08 Jul 2020,25 Sep 2020,08 Jul 2020
London Loveliness Nov 2019,D:\Pictures\iCloud Photos\Shared,London Loveliness Nov 2019,81.92,11 Jun 2020,25 Sep 2020,08 Jul 2020
010350a410be45d85e95f021d249aa3af5d839e95c.jpg,D:\Pictures\iCloud Photos\Shared\Family,010350a410be45d85e95f021d249aa3af5d839e95c.jpg,508.792,30 Jun 2020,08 Jul 2020,08 Jul 2020
010eaaf72d0f6f95354fa46a499b9d29ed0f648c02.jpg,D:\Pictures\iCloud Photos\Shared\Family,010eaaf72d0f6f95354fa46a499b9d29ed0f648c02.jpg,685.378,30 Jun 2020,08 Jul 2020,08 Jul 2020
011a98a9705782efff5617d093260ab1dffc38046a.jpg,D:\Pictures\iCloud Photos\Shared\Family,011a98a9705782efff5617d093260ab1dffc38046a.jpg,413.874,30 Jun 2020,08 Jul 2020,08 Jul 2020
011bcba97b8eef7cbb02c5329df6c79101a3b65890.jpg,D:\Pictures\iCloud Photos\Shared\Family,011bcba97b8eef7cbb02c5329df6c79101a3b65890.jpg,249.29,30 Jun 2020,08 Jul 2020,08 Jul 2020
0120e423659f160c6d9fdfd27c3f66684af34d6c8c.jpg,D:\Pictures\iCloud Photos\Shared\Family,0120e423659f160c6d9fdfd27c3f66684af34d6c8c.jpg,463.969,30 Jun 2020,08 Jul 2020,08 Jul 2020
0132b2a002e67289c7cb1234f0434dc2e2f58658ff.jpg,D:\Pictures\iCloud Photos\Shared\Family,0132b2a002e67289c7cb1234f0434dc2e2f58658ff.jpg,617.542,30 Jun 2020,08 Jul 2020,08 Jul 2020
0134ee83c24631ca05e550323d52bec8939baa020b.jpg,D:\Pictures\iCloud Photos\Shared\Family,0134ee83c24631ca05e550323d52bec8939baa020b.jpg,249.597,30 Jun 2020,08 Jul 2020,08 Jul 2020
015418828a3000865f654bf4f2831ad4422791dfc3.jpg,D:\Pictures\iCloud Photos\Shared\Family,015418828a3000865f654bf4f2831ad4422791dfc3.jpg,504.263,30 Jun 2020,08 Jul 2020,08 Jul 2020
017f037c58796676196d44faf44ac4f9c38630b9d9.jpg,D:\Pictures\iCloud Photos\Shared\Family,017f037c58796676196d44faf44ac4f9c38630b9d9.jpg,655.777,30 Jun 2020,08 Jul 2020,08 Jul 2020
018de052b7f7e4d778e9a103a8d148317288f42730.jpg,D:\Pictures\iCloud Photos\Shared\Family,018de052b7f7e4d778e9a103a8d148317288f42730.jpg,373.725,30 Jun 2020,08 Jul 2020,08 Jul 2020
0196fb11c995809a46afd634af55e370f85d589b59.jpg,D:\Pictures\iCloud Photos\Shared\Family,0196fb11c995809a46afd634af55e370f85d589b59.jpg,658.797,30 Jun 2020,08 Jul 2020,08 Jul 2020
019b48e4d291026276881bd42a5a7dcdac05c79b85.jpg,D:\Pictures\iCloud Photos\Shared\Family,019b48e4d291026276881bd42a5a7dcdac05c79b85.jpg,458.753,30 Jun 2020,08 Jul 2020,08 Jul 2020
019d2479b333dfc673701dc4e3b1e51e6afb696345.jpg,D:\Pictures\iCloud Photos\Shared\Family,019d2479b333dfc673701dc4e3b1e51e6afb696345.jpg,416.865,30 Jun 2020,08 Jul 2020,08 Jul 2020
01ac2bfaf3b7c3226c8bffece463bffb2db3b9112b.jpg,D:\Pictures\iCloud Photos\Shared\Family,01ac2bfaf3b7c3226c8bffece463bffb2db3b9112b.jpg,990.744,30 Jun 2020,08 Jul 2020,08 Jul 2020
01b34d1a81c543cd4bc9e5d6c366ee02a72f0d3547.jpg,D:\Pictures\iCloud Photos\Shared\Family,01b34d1a81c543cd4bc9e5d6c366ee02a72f0d3547.jpg,598.408,30 Jun 2020,08 Jul 2020,08 Jul 2020
01c17c170e52a2596156763249362e46e0e836852d.jpg,D:\Pictures\iCloud Photos\Shared\Family,01c17c170e52a2596156763249362e46e0e836852d.jpg,679.075,30 Jun 2020,08 Jul 2020,08 Jul 2020
01c221c3a466f523478c93d8a5a3f32b486616f28e.jpg,D:\Pictures\iCloud Photos\Shared\Family,01c221c3a466f523478c93d8a5a3f32b486616f28e.jpg,316.105,30 Jun 2020,08 Jul 2020,08 Jul 2020
01db0faa38d16195a11f2dd50dfc2c7c128f4ffa6c.jpg,D:\Pictures\iCloud Photos\Shared\Family,01db0faa38d16195a11f2dd50dfc2c7c128f4ffa6c.jpg,248.131,30 Jun 2020,08 Jul 2020,08 Jul 2020
01ec81018e8d1ff7861edf2f88841150bdae79c7b3.jpg,D:\Pictures\iCloud Photos\Shared\Family,01ec81018e8d1ff7861edf2f88841150bdae79c7b3.jpg,252.887,30 Jun 2020,08 Jul 2020,08 Jul 2020
01f1b0e3f026257136d862ced27aab6fd93900dc5c.jpg,D:\Pictures\iCloud Photos\Shared\Family,01f1b0e3f026257136d862ced27aab6fd93900dc5c.jpg,381.582,30 Jun 2020,08 Jul 2020,08 Jul 2020
01f44fe030106f7f1b654819a2fa23589851a5f096.jpg,D:\Pictures\iCloud Photos\Shared\Family,01f44fe030106f7f1b654819a2fa23589851a5f096.jpg,263.577,30 Jun 2020,08 Jul 2020,08 Jul 2020
01fb5ce188b04b7ea1b7608f7a6a33cc5c429c5262.jpg,D:\Pictures\iCloud Photos\Shared\Family,01fb5ce188b04b7ea1b7608f7a6a33cc5c429c5262.jpg,787.131,30 Jun 2020,08 Jul 2020,08 Jul 2020
01050c29e4eb02bcbd468e716e35a0e5cbd4b8b058.jpg,D:\Pictures\iCloud Photos\Shared\London Loveliness Nov 2019,01050c29e4eb02bcbd468e716e35a0e5cbd4b8b058.jpg,808.265,25 May 2020,08 Jul 2020,08 Jul 2020
01051ec1bb507e8a5fca6375cfc466ab4faeb7a7fd.jpg,D:\Pictures\iCloud Photos\Shared\London Loveliness Nov 2019,01051ec1bb507e8a5fca6375cfc466ab4faeb7a7fd.jpg,912.702,25 May 2020,08 Jul 2020,08 Jul 2020
01052f8de04909092d465ea3ea3a4d4d1a1c59bd1f.jpg,D:\Pictures\iCloud Photos\Shared\London Loveliness Nov 2019,01052f8de04909092d465ea3ea3a4d4d1a1c59bd1f.jpg,646.488,25 May 2020,08 Jul 2020,08 Jul 2020
010551475c341b32116b133672911502c87d7c527a.jpg,D:\Pictures\iCloud Photos\Shared\London Loveliness Nov 2019,010551475c341b32116b133672911502c87d7c527a.jpg,795.924,25 May 2020,08 Jul 2020,08 Jul 2020
0107a26a8a627695ba34040a5c1738140b3e54d482.jpg,D:\Pictures\iCloud Photos\Shared\London Loveliness Nov 2019,0107a26a8a627695ba34040a5c1738140b3e54d482.jpg,790.384,25 May 2020,08 Jul 2020,08 Jul 2020
0107b41f997237f9007efa7f5b804b45e37d26c44f.jpg,D:\Pictures\iCloud Photos\Shared\London Loveliness Nov 2019,0107b41f997237f9007efa7f5b804b45e37d26c44f.jpg,1250.924,25 May 2020,08 Jul 2020,08 Jul 2020
0109b4272fe41d1dc35fa6cdd568799d846aa20a29.jpg,D:\Pictures\iCloud Photos\Shared\London Loveliness Nov 2019,0109b4272fe41d1dc35fa6cdd568799d846aa20a29.jpg,821.507,25 May 2020,08 Jul 2020,08 Jul 2020
0109d6f03c5ad4c200350e5feba580e2e5bd4b8d03.jpg,D:\Pictures\iCloud Photos\Shared\London Loveliness Nov 2019,0109d6f03c5ad4c200350e5feba580e2e5bd4b8d03.jpg,773.029,25 May 2020,08 Jul 2020,08 Jul 2020
010a7e18518f3d415f1f058c340a06dff9c83cc79a.jpg,D:\Pictures\iCloud Photos\Shared\London Loveliness Nov 2019,010a7e18518f3d415f1f058c340a06dff9c83cc79a.jpg,1001.558,25 May 2020,08 Jul 2020,08 Jul 2020
010b3d5197156da15ec182b64d93f1e314dbd9ab92.jpg,D:\Pictures\iCloud Photos\Shared\London Loveliness Nov 2019,010b3d5197156da15ec182b64d93f1e314dbd9ab92.jpg,850.462,25 May 2020,08 Jul 2020,08 Jul 2020
010ca3142e5d62dd64d315f5aefd33a6537d8bca9f.mp4,D:\Pictures\iCloud Photos\Shared\London Loveliness Nov 2019,010ca3142e5d62dd64d315f5aefd33a6537d8bca9f.mp4,1298.757,25 May 2020,08 Jul 2020,08 Jul 2020
010dde433b35e4879ced9bd530530a324dd4d0b396.jpg,D:\Pictures\iCloud Photos\Shared\London Loveliness Nov 2019,010dde433b35e4879ced9bd530530a324dd4d0b396.jpg,1055.719,25 May 2020,08 Jul 2020,08 Jul 2020
010f0059fd4e1f816603a6ba4858791ace82f4b6ea.jpg,D:\Pictures\iCloud Photos\Shared\London Loveliness Nov 2019,010f0059fd4e1f816603a6ba4858791ace82f4b6ea.jpg,1746.115,25 May 2020,08 Jul 2020,08 Jul 2020
010f2709d9e5354400f9f3118b61bd118923a6d5be.jpg,D:\Pictures\iCloud Photos\Shared\London Loveliness Nov 2019,010f2709d9e5354400f9f3118b61bd118923a6d5be.jpg,604.025,25 May 2020,08 Jul 2020,08 Jul 2020
010fb3eeac9953ab08c1e2cdf7a5df0ec034d3e70d.jpg,D:\Pictures\iCloud Photos\Shared\London Loveliness Nov 2019,010fb3eeac9953ab08c1e2cdf7a5df0ec034d3e70d.jpg,362.576,25 May 2020,08 Jul 2020,08 Jul 2020
011446d57b5c6ea80ad8a7433de07ea19fcfb5dbdb.jpg,D:\Pictures\iCloud Photos\Shared\London Loveliness Nov 2019,011446d57b5c6ea80ad8a7433de07ea19fcfb5dbdb.jpg,1021.581,25 May 2020,08 Jul 2020,08 Jul 2020
01158943c1e0d94f29f5e2b831e0226bcb367d0db6.jpg,D:\Pictures\iCloud Photos\Shared\London Loveliness Nov 2019,01158943c1e0d94f29f5e2b831e0226bcb367d0db6.jpg,659.715,25 May 2020,08 Jul 2020,08 Jul 2020
01167a2d92646ac93b5d20574c2426dab0ee737ef7.jpg,D:\Pictures\iCloud Photos\Shared\London Loveliness Nov 2019,01167a2d92646ac93b5d20574c2426dab0ee737ef7.jpg,796.734,25 May 2020,08 Jul 2020,08 Jul 2020
011c45ee2a052443e1a9effed13192b6c95c3393a1.jpg,D:\Pictures\iCloud Photos\Shared\London Loveliness Nov 2019,011c45ee2a052443e1a9effed13192b6c95c3393a1.jpg,498.701,25 May 2020,08 Jul 2020,08 Jul 2020
011cc192d907707c8cb9de8583df96928bf2d05bcb.jpg,D:\Pictures\iCloud Photos\Shared\London Loveliness Nov 2019,011cc192d907707c8cb9de8583df96928bf2d05bcb.jpg,900.869,25 May 2020,08 Jul 2020,08 Jul 2020
011da364f5e65ad8f48ab2ef1944620e84ef293f11.jpg,D:\Pictures\iCloud Photos\Shared\London Loveliness Nov 2019,011da364f5e65ad8f48ab2ef1944620e84ef293f11.jpg,696.212,25 May 2020,08 Jul 2020,08 Jul 2020
01232ff1ad95b83369f820c81f5d0f53a08a4fb09c.jpg,D:\Pictures\iCloud Photos\Shared\London Loveliness Nov 2019,01232ff1ad95b83369f820c81f5d0f53a08a4fb09c.jpg,752.579,25 May 2020,08 Jul 2020,08 Jul 2020
01242f407edeb6a88a2ff75e933731f72c0e5688d2.jpg,D:\Pictures\iCloud Photos\Shared\London Loveliness Nov 2019,01242f407edeb6a88a2ff75e933731f72c0e5688d2.jpg,668.204,25 May 2020,08 Jul 2020,08 Jul 2020
01253458573b9fc6844111ca2265a6c8873ccc188d.jpg,D:\Pictures\iCloud Photos\Shared\London Loveliness Nov 2019,01253458573b9fc6844111ca2265a6c8873ccc188d.jpg,825.092,25 May 2020,08 Jul 2020,08 Jul 2020
01263d611ebdc26a46892f00ef9c8d724a26cb5388.jpg,D:\Pictures\iCloud Photos\Shared\London Loveliness Nov 2019,01263d611ebdc26a46892f00ef9c8d724a26cb5388.jpg,352.851,25 May 2020,08 Jul 2020,08 Jul 2020
0126d4a18502cca07d8ace278094d09c7e3e971c71.jpg,D:\Pictures\iCloud Photos\Shared\London Loveliness Nov 2019,0126d4a18502cca07d8ace278094d09c7e3e971c71.jpg,944.61,25 May 2020,08 Jul 2020,08 Jul 2020
0129199963b44515e9932cc71f0fde2e89017e63b5.jpg,D:\Pictures\iCloud Photos\Shared\London Loveliness Nov 2019,0129199963b44515e9932cc71f0fde2e89017e63b5.jpg,1234.081,25 May 2020,08 Jul 2020,08 Jul 2020
0129f73c7cd17e15f972226d1b763101ed01d03a13.jpg,D:\Pictures\iCloud Photos\Shared\London Loveliness Nov 2019,0129f73c7cd17e15f972226d1b763101ed01d03a13.jpg,701.379,25 May 2020,08 Jul 2020,08 Jul 2020
012ad9e87b6007a4dcdccafc771b808b896ac266d5.jpg,D:\Pictures\iCloud Photos\Shared\London Loveliness Nov 2019,012ad9e87b6007a4dcdccafc771b808b896ac266d5.jpg,859.507,25 May 2020,08 Jul 2020,08 Jul 2020
012b1d31899064da396c13890478e9efc0c2fa93ee.jpg,D:\Pictures\iCloud Photos\Shared\London Loveliness Nov 2019,012b1d31899064da396c13890478e9efc0c2fa93ee.jpg,330.857,25 May 2020,08 Jul 2020,08 Jul 2020
012b7bf2f94da80900181ddd814837da17f0adde62.jpg,D:\Pictures\iCloud Photos\Shared\London Loveliness Nov 2019,012b7bf2f94da80900181ddd814837da17f0adde62.jpg,424.831,25 May 2020,08 Jul 2020,08 Jul 2020
012d03ae6274d643a0141e58190febbe78421a0ebc.jpg,D:\Pictures\iCloud Photos\Shared\London Loveliness Nov 2019,012d03ae6274d643a0141e58190febbe78421a0ebc.jpg,779.2,25 May 2020,08 Jul 2020,08 Jul 2020
01304a5f6eca132e1b34520987fd42ad530e08898e.jpg,D:\Pictures\iCloud Photos\Shared\London Loveliness Nov 2019,01304a5f6eca132e1b34520987fd42ad530e08898e.jpg,1069.184,25 May 2020,08 Jul 2020,08 Jul 2020
01305b252429f6a330074f969b879de8ab867cd8f4.jpg,D:\Pictures\iCloud Photos\Shared\London Loveliness Nov 2019,01305b252429f6a330074f969b879de8ab867cd8f4.jpg,1065.2,25 May 2020,08 Jul 2020,08 Jul 2020
013129ea7833534cc7944954b4225f7948e68c6531.jpg,D:\Pictures\iCloud Photos\Shared\London Loveliness Nov 2019,013129ea7833534cc7944954b4225f7948e68c6531.jpg,377.04,25 May 2020,08 Jul 2020,08 Jul 2020
01330d209ca8215fe5aaede4a9e101ed8652150143.jpg,D:\Pictures\iCloud Photos\Shared\London Loveliness Nov 2019,01330d209ca8215fe5aaede4a9e101ed8652150143.jpg,1059.34,25 May 2020,08 Jul 2020,08 Jul 2020
013748266568e2653f9a91692112c8d679acb3c481.jpg,D:\Pictures\iCloud Photos\Shared\London Loveliness Nov 2019,013748266568e2653f9a91692112c8d679acb3c481.jpg,886.014,25 May 2020,08 Jul 2020,08 Jul 2020
01385cc0517f2d174647eef9b023d85fa853d67268.jpg,D:\Pictures\iCloud Photos\Shared\London Loveliness Nov 2019,01385cc0517f2d174647eef9b023d85fa853d67268.jpg,714.602,25 May 2020,08 Jul 2020,08 Jul 2020
013899c853580e52086d2a3c07b4f50eaedaacdcd3.jpg,D:\Pictures\iCloud Photos\Shared\London Loveliness Nov 2019,013899c853580e52086d2a3c07b4f50eaedaacdcd3.jpg,819.681,25 May 2020,08 Jul 2020,08 Jul 2020
0138b787555ddbf3d138e510bb12337b106cb7f5ca.jpg,D:\Pictures\iCloud Photos\Shared\London Loveliness Nov 2019,0138b787555ddbf3d138e510bb12337b106cb7f5ca.jpg,748.608,25 May 2020,08 Jul 2020,08 Jul 2020
013aa63d8e4773500f0baf18e4227fe34cd154dfc1.jpg,D:\Pictures\iCloud Photos\Shared\London Loveliness Nov 2019,013aa63d8e4773500f0baf18e4227fe34cd154dfc1.jpg,636.58,25 May 2020,08 Jul 2020,08 Jul 2020
013baab87f02d2bf484f08533180ca473e4e68f744.jpg,D:\Pictures\iCloud Photos\Shared\London Loveliness Nov 2019,013baab87f02d2bf484f08533180ca473e4e68f744.jpg,869.262,25 May 2020,08 Jul 2020,08 Jul 2020
013c2713a4b66c756e1d6c354ed4c78dccc2d66628.jpg,D:\Pictures\iCloud Photos\Shared\London Loveliness Nov 2019,013c2713a4b66c756e1d6c354ed4c78dccc2d66628.jpg,1315.473,25 May 2020,08 Jul 2020,08 Jul 2020
013c29441bdd126638ccc38238104a3ba600c9934c.jpg,D:\Pictures\iCloud Photos\Shared\London Loveliness Nov 2019,013c29441bdd126638ccc38238104a3ba600c9934c.jpg,594.956,25 May 2020,08 Jul 2020,08 Jul 2020
013cb4d827801a546b9441f901741b502d2109111f.jpg,D:\Pictures\iCloud Photos\Shared\London Loveliness Nov 2019,013cb4d827801a546b9441f901741b502d2109111f.jpg,786.398,25 May 2020,08 Jul 2020,08 Jul 2020
013de8eeca3bd596d7a3d5052c0a0a38c25861b961.jpg,D:\Pictures\iCloud Photos\Shared\London Loveliness Nov 2019,013de8eeca3bd596d7a3d5052c0a0a38c25861b961.jpg,943.095,25 May 2020,08 Jul 2020,08 Jul 2020
0141777b527b94d2c5dd8c7d4be8e0ebf83dd31458.jpg,D:\Pictures\iCloud Photos\Shared\London Loveliness Nov 2019,0141777b527b94d2c5dd8c7d4be8e0ebf83dd31458.jpg,612.419,25 May 2020,08 Jul 2020,08 Jul 2020
014384ed6bdd407cc60ef11447e24297684e2a2a2e.jpg,D:\Pictures\iCloud Photos\Shared\London Loveliness Nov 2019,014384ed6bdd407cc60ef11447e24297684e2a2a2e.jpg,1070.029,25 May 2020,08 Jul 2020,08 Jul 2020
01438d7bfb431feec2e7dfaa1537247df8b43d9532.jpg,D:\Pictures\iCloud Photos\Shared\London Loveliness Nov 2019,01438d7bfb431feec2e7dfaa1537247df8b43d9532.jpg,868.465,25 May 2020,08 Jul 2020,08 Jul 2020
0143f23a63b2299486f0d1ce4fb696ca2289ddd3b7.jpg,D:\Pictures\iCloud Photos\Shared\London Loveliness Nov 2019,0143f23a63b2299486f0d1ce4fb696ca2289ddd3b7.jpg,885.053,25 May 2020,08 Jul 2020,08 Jul 2020
0148196bf7fb89c07292b5bd5d575a1d89308561d6.jpg,D:\Pictures\iCloud Photos\Shared\London Loveliness Nov 2019,0148196bf7fb89c07292b5bd5d575a1d89308561d6.jpg,712.877,25 May 2020,08 Jul 2020,08 Jul 2020
01485a0abc683761a86f62c79824283f8877fe5a42.jpg,D:\Pictures\iCloud Photos\Shared\London Loveliness Nov 2019,01485a0abc683761a86f62c79824283f8877fe5a42.jpg,746.957,25 May 2020,08 Jul 2020,08 Jul 2020
01485d30c59d7aad46721082bbbf282dedd3abc033.jpg,D:\Pictures\iCloud Photos\Shared\London Loveliness Nov 2019,01485d30c59d7aad46721082bbbf282dedd3abc033.jpg,293.953,25 May 2020,08 Jul 2020,08 Jul 2020
014aee794618d1c054aa103ee7fddf205ba446cd76.jpg,D:\Pictures\iCloud Photos\Shared\London Loveliness Nov 2019,014aee794618d1c054aa103ee7fddf205ba446cd76.jpg,1072.824,25 May 2020,08 Jul 2020,08 Jul 2020
014c90919daa691200d7f7dbf88067aff38680d4b8.jpg,D:\Pictures\iCloud Photos\Shared\London Loveliness Nov 2019,014c90919daa691200d7f7dbf88067aff38680d4b8.jpg,1188.718,25 May 2020,08 Jul 2020,08 Jul 2020
014da2b02e9d0f7348b8af4aed97dac8e54ca6ef41.jpg,D:\Pictures\iCloud Photos\Shared\London Loveliness Nov 2019,014da2b02e9d0f7348b8af4aed97dac8e54ca6ef41.jpg,1004.319,25 May 2020,08 Jul 2020,08 Jul 2020
014f1c65049713f70e1a253b620131486351921585.jpg,D:\Pictures\iCloud Photos\Shared\London Loveliness Nov 2019,014f1c65049713f70e1a253b620131486351921585.jpg,1076.889,25 May 2020,08 Jul 2020,08 Jul 2020
015056886210f82bf266882d471f5b4dd445590949.jpg,D:\Pictures\iCloud Photos\Shared\London Loveliness Nov 2019,015056886210f82bf266882d471f5b4dd445590949.jpg,718.917,25 May 2020,08 Jul 2020,08 Jul 2020
01509e2ea90b270a772f35c8488fd3c6e7fe8c7f6f.jpg,D:\Pictures\iCloud Photos\Shared\London Loveliness Nov 2019,01509e2ea90b270a772f35c8488fd3c6e7fe8c7f6f.jpg,671.818,25 May 2020,08 Jul 2020,08 Jul 2020
0150d6857de297edf87a1fbda9f62a66ccf8a8d856.jpg,D:\Pictures\iCloud Photos\Shared\London Loveliness Nov 2019,0150d6857de297edf87a1fbda9f62a66ccf8a8d856.jpg,1120.163,25 May 2020,08 Jul 2020,08 Jul 2020
0150de37c25435ff26df6cf094096f1146ebe94854.jpg,D:\Pictures\iCloud Photos\Shared\London Loveliness Nov 2019,0150de37c25435ff26df6cf094096f1146ebe94854.jpg,752.656,25 May 2020,08 Jul 2020,08 Jul 2020
015243f67c602b6eee76a8b5938426870efc164730.jpg,D:\Pictures\iCloud Photos\Shared\London Loveliness Nov 2019,015243f67c602b6eee76a8b5938426870efc164730.jpg,806.674,25 May 2020,08 Jul 2020,08 Jul 2020
0152e33bc148911477ef8b022383c9f718362b1b60.jpg,D:\Pictures\iCloud Photos\Shared\London Loveliness Nov 2019,0152e33bc148911477ef8b022383c9f718362b1b60.jpg,928.781,25 May 2020,08 Jul 2020,08 Jul 2020
015428e55541861e081c8ca9e672244312ae97073a.jpg,D:\Pictures\iCloud Photos\Shared\London Loveliness Nov 2019,015428e55541861e081c8ca9e672244312ae97073a.jpg,965.71,25 May 2020,08 Jul 2020,08 Jul 2020
01549fd3e5ed921a2d5a7d5d1e0769cc0762d64823.jpg,D:\Pictures\iCloud Photos\Shared\London Loveliness Nov 2019,01549fd3e5ed921a2d5a7d5d1e0769cc0762d64823.jpg,1117.073,25 May 2020,08 Jul 2020,08 Jul 2020
0157404c5da4a7cfeca328e5c5c3724031d700e1e5.jpg,D:\Pictures\iCloud Photos\Shared\London Loveliness Nov 2019,0157404c5da4a7cfeca328e5c5c3724031d700e1e5.jpg,846.19,25 May 2020,08 Jul 2020,08 Jul 2020
015b5070e91d5bb3e37f54955fcf6727cbcd652d1e.jpg,D:\Pictures\iCloud Photos\Shared\London Loveliness Nov 2019,015b5070e91d5bb3e37f54955fcf6727cbcd652d1e.jpg,826.936,25 May 2020,08 Jul 2020,08 Jul 2020
015c35a5a6887b27b558ca82823f86bb8f53ed8efa.jpg,D:\Pictures\iCloud Photos\Shared\London Loveliness Nov 2019,015c35a5a6887b27b558ca82823f86bb8f53ed8efa.jpg,950.857,25 May 2020,08 Jul 2020,08 Jul 2020
015fffb0f9fc81cef76b11aed45a2043db5f2952cc.jpg,D:\Pictures\iCloud Photos\Shared\London Loveliness Nov 2019,015fffb0f9fc81cef76b11aed45a2043db5f2952cc.jpg,852.305,25 May 2020,08 Jul 2020,08 Jul 2020
01613b0980146ca915d41edfaf676e40c51daf531d.jpg,D:\Pictures\iCloud Photos\Shared\London Loveliness Nov 2019,01613b0980146ca915d41edfaf676e40c51daf531d.jpg,922.916,25 May 2020,08 Jul 2020,08 Jul 2020
0163430105c010b0f3e1ad2aa3e6106d6a62b7fac9.jpg,D:\Pictures\iCloud Photos\Shared\London Loveliness Nov 2019,0163430105c010b0f3e1ad2aa3e6106d6a62b7fac9.jpg,799.332,25 May 2020,08 Jul 2020,08 Jul 2020
0163ff9ada6cc359238dbabf4776fe8a3ced216cbe.jpg,D:\Pictures\iCloud Photos\Shared\London Loveliness Nov 2019,0163ff9ada6cc359238dbabf4776fe8a3ced216cbe.jpg,719.484,25 May 2020,08 Jul 2020,08 Jul 2020
0167a3cb206024eafa26ff6a1413abb83aa6d14bed.jpg,D:\Pictures\iCloud Photos\Shared\London Loveliness Nov 2019,0167a3cb206024eafa26ff6a1413abb83aa6d14bed.jpg,578.169,25 May 2020,08 Jul 2020,08 Jul 2020
0167f2cc9980dccbc3ab11b9af1c9e15fde35cd533.jpg,D:\Pictures\iCloud Photos\Shared\London Loveliness Nov 2019,0167f2cc9980dccbc3ab11b9af1c9e15fde35cd533.jpg,777.713,25 May 2020,08 Jul 2020,08 Jul 2020
01685c4e1f8d605ee99824f526b5065437f559fb87.jpg,D:\Pictures\iCloud Photos\Shared\London Loveliness Nov 2019,01685c4e1f8d605ee99824f526b5065437f559fb87.jpg,682.445,25 May 2020,08 Jul 2020,08 Jul 2020
016a779d18fb2a8c2e067683d2d1f56cc007eb0716.jpg,D:\Pictures\iCloud Photos\Shared\London Loveliness Nov 2019,016a779d18fb2a8c2e067683d2d1f56cc007eb0716.jpg,269.876,25 May 2020,08 Jul 2020,08 Jul 2020
016afe49694fe2b2d38aa04fbcb18eb1808cfabd77.jpg,D:\Pictures\iCloud Photos\Shared\London Loveliness Nov 2019,016afe49694fe2b2d38aa04fbcb18eb1808cfabd77.jpg,629.826,25 May 2020,08 Jul 2020,08 Jul 2020
016c63ec3330baddd031001875edec13f146222ec2.jpg,D:\Pictures\iCloud Photos\Shared\London Loveliness Nov 2019,016c63ec3330baddd031001875edec13f146222ec2.jpg,953.92,25 May 2020,08 Jul 2020,08 Jul 2020
016c85d22cf7e4a16dc09c50351906745ed0c6efd4.jpg,D:\Pictures\iCloud Photos\Shared\London Loveliness Nov 2019,016c85d22cf7e4a16dc09c50351906745ed0c6efd4.jpg,775.916,25 May 2020,08 Jul 2020,08 Jul 2020
016cc3c4caae35137ceb5d1a443cc99cd3e99812b7.jpg,D:\Pictures\iCloud Photos\Shared\London Loveliness Nov 2019,016cc3c4caae35137ceb5d1a443cc99cd3e99812b7.jpg,543.778,25 May 2020,08 Jul 2020,08 Jul 2020
016e3eb14104bc035d43eb10a645cc1bcc79b6e95b.jpg,D:\Pictures\iCloud Photos\Shared\London Loveliness Nov 2019,016e3eb14104bc035d43eb10a645cc1bcc79b6e95b.jpg,918.704,25 May 2020,08 Jul 2020,08 Jul 2020
016e63fac8fd0f6bcb063ca87e065bacd558440739.jpg,D:\Pictures\iCloud Photos\Shared\London Loveliness Nov 2019,016e63fac8fd0f6bcb063ca87e065bacd558440739.jpg,1075.387,25 May 2020,08 Jul 2020,08 Jul 2020
016ea48d575de14c7e565aaa5183e01e23895f630b.jpg,D:\Pictures\iCloud Photos\Shared\London Loveliness Nov 2019,016ea48d575de14c7e565aaa5183e01e23895f630b.jpg,800.239,25 May 2020,08 Jul 2020,08 Jul 2020
0170caea13a4a0dbb9baf64e2e7a407226a8f1db84.jpg,D:\Pictures\iCloud Photos\Shared\London Loveliness Nov 2019,0170caea13a4a0dbb9baf64e2e7a407226a8f1db84.jpg,837.689,25 May 2020,08 Jul 2020,08 Jul 2020
017138ef0b2d892b5a2b7e85a39096f274f0d93fc2.jpg,D:\Pictures\iCloud Photos\Shared\London Loveliness Nov 2019,017138ef0b2d892b5a2b7e85a39096f274f0d93fc2.jpg,999.757,25 May 2020,08 Jul 2020,08 Jul 2020
0172828befdfa91e28888c08f358299bd2b7bdb5ff.jpg,D:\Pictures\iCloud Photos\Shared\London Loveliness Nov 2019,0172828befdfa91e28888c08f358299bd2b7bdb5ff.jpg,1041.62,25 May 2020,08 Jul 2020,08 Jul 2020
01732ee320ad14050a974bc410f49563c32da9fb22.jpg,D:\Pictures\iCloud Photos\Shared\London Loveliness Nov 2019,01732ee320ad14050a974bc410f49563c32da9fb22.jpg,884.838,25 May 2020,08 Jul 2020,08 Jul 2020
0173705b243f735cb278662528c49785e4cdacac4a.jpg,D:\Pictures\iCloud Photos\Shared\London Loveliness Nov 2019,0173705b243f735cb278662528c49785e4cdacac4a.jpg,1370.198,25 May 2020,08 Jul 2020,08 Jul 2020
0174f7cdc3c72ccb44ebcd866c203f0ec6ecfa9740.jpg,D:\Pictures\iCloud Photos\Shared\London Loveliness Nov 2019,0174f7cdc3c72ccb44ebcd866c203f0ec6ecfa9740.jpg,1356.637,25 May 2020,08 Jul 2020,08 Jul 2020
0177e624d9be6654462c9b4c5f4805e92adecb1850.jpg,D:\Pictures\iCloud Photos\Shared\London Loveliness Nov 2019,0177e624d9be6654462c9b4c5f4805e92adecb1850.jpg,1022.243,25 May 2020,08 Jul 2020,08 Jul 2020
0177f6cb155ac5cd220b44337033ceeba8a1cb939f.jpg,D:\Pictures\iCloud Photos\Shared\London Loveliness Nov 2019,0177f6cb155ac5cd220b44337033ceeba8a1cb939f.jpg,777.144,25 May 2020,08 Jul 2020,08 Jul 2020
017840160eaaae4e1effcf08704c90f5c8229226f8.jpg,D:\Pictures\iCloud Photos\Shared\London Loveliness Nov 2019,017840160eaaae4e1effcf08704c90f5c8229226f8.jpg,348.91,25 May 2020,08 Jul 2020,08 Jul 2020
0178895fc9e169863c360b4025771970e00c407762.jpg,D:\Pictures\iCloud Photos\Shared\London Loveliness Nov 2019,0178895fc9e169863c360b4025771970e00c407762.jpg,683.925,25 May 2020,08 Jul 2020,08 Jul 2020
017bf22a4468780d38f214182b66ad6b07da52e52b.jpg,D:\Pictures\iCloud Photos\Shared\London Loveliness Nov 2019,017bf22a4468780d38f214182b66ad6b07da52e52b.jpg,428.31,25 May 2020,08 Jul 2020,08 Jul 2020
017dd0b07095b1eafb68daf87ecd304afd63aa41f1.jpg,D:\Pictures\iCloud Photos\Shared\London Loveliness Nov 2019,017dd0b07095b1eafb68daf87ecd304afd63aa41f1.jpg,594.04,25 May 2020,08 Jul 2020,08 Jul 2020
01817fd12a7743daa2547474ea3a90ca8807b5795b.jpg,D:\Pictures\iCloud Photos\Shared\London Loveliness Nov 2019,01817fd12a7743daa2547474ea3a90ca8807b5795b.jpg,1048.709,25 May 2020,08 Jul 2020,08 Jul 2020
01827eef326d608f5542e6e9fa9c2eaa31f1bfc23a.jpg,D:\Pictures\iCloud Photos\Shared\London Loveliness Nov 2019,01827eef326d608f5542e6e9fa9c2eaa31f1bfc23a.jpg,916.43,25 May 2020,08 Jul 2020,08 Jul 2020
0182b167d34fe323df625bc630e84103724f11a7a3.jpg,D:\Pictures\iCloud Photos\Shared\London Loveliness Nov 2019,0182b167d34fe323df625bc630e84103724f11a7a3.jpg,776.815,25 May 2020,08 Jul 2020,08 Jul 2020
0183c8ef29cf572163bd03af521e02a752c4e4ba0c.jpg,D:\Pictures\iCloud Photos\Shared\London Loveliness Nov 2019,0183c8ef29cf572163bd03af521e02a752c4e4ba0c.jpg,1344.567,25 May 2020,08 Jul 2020,08 Jul 2020
0185ad3686e4decc9c6987cc7e0d37f5c1576b8901.jpg,D:\Pictures\iCloud Photos\Shared\London Loveliness Nov 2019,0185ad3686e4decc9c6987cc7e0d37f5c1576b8901.jpg,739.045,25 May 2020,08 Jul 2020,08 Jul 2020
01869587ad6b176a2d367eed4c0d03ed1a6f5a5494.jpg,D:\Pictures\iCloud Photos\Shared\London Loveliness Nov 2019,01869587ad6b176a2d367eed4c0d03ed1a6f5a5494.jpg,898.676,25 May 2020,08 Jul 2020,08 Jul 2020
01870b1c45274544a621d5fb9da500762d335bba8b.jpg,D:\Pictures\iCloud Photos\Shared\London Loveliness Nov 2019,01870b1c45274544a621d5fb9da500762d335bba8b.jpg,731.278,25 May 2020,08 Jul 2020,08 Jul 2020
01874efc1172c42fde1edca9a9d60b7a8998b5807a.jpg,D:\Pictures\iCloud Photos\Shared\London Loveliness Nov 2019,01874efc1172c42fde1edca9a9d60b7a8998b5807a.jpg,350.233,25 May 2020,08 Jul 2020,08 Jul 2020
018905f34f1a2953545eddc64e34c40d0cd0b7102d.jpg,D:\Pictures\iCloud Photos\Shared\London Loveliness Nov 2019,018905f34f1a2953545eddc64e34c40d0cd0b7102d.jpg,771.2,25 May 2020,08 Jul 2020,08 Jul 2020
018a906620c91e14037a4f4ddd7cc25bf258ed4882.jpg,D:\Pictures\iCloud Photos\Shared\London Loveliness Nov 2019,018a906620c91e14037a4f4ddd7cc25bf258ed4882.jpg,619.901,25 May 2020,08 Jul 2020,08 Jul 2020
018ac45e1cb6caa5cf6ab593ffa579c3ccb02c6d10.jpg,D:\Pictures\iCloud Photos\Shared\London Loveliness Nov 2019,018ac45e1cb6caa5cf6ab593ffa579c3ccb02c6d10.jpg,888.141,25 May 2020,08 Jul 2020,08 Jul 2020
018d235e65f1ad0947aa3a55a033185d4598f5d8da.jpg,D:\Pictures\iCloud Photos\Shared\London Loveliness Nov 2019,018d235e65f1ad0947aa3a55a033185d4598f5d8da.jpg,834.998,25 May 2020,08 Jul 2020,08 Jul 2020
018d7ddcc030eb46b36df738a01229f39d70545891.jpg,D:\Pictures\iCloud Photos\Shared\London Loveliness Nov 2019,018d7ddcc030eb46b36df738a01229f39d70545891.jpg,603.572,25 May 2020,08 Jul 2020,08 Jul 2020
018f9b8562444e03c7f90121b6ff57892a2932c411.jpg,D:\Pictures\iCloud Photos\Shared\London Loveliness Nov 2019,018f9b8562444e03c7f90121b6ff57892a2932c411.jpg,568.151,25 May 2020,08 Jul 2020,08 Jul 2020
0191962970c41d0a8302b2ae40f555ad63d0477e3e.jpg,D:\Pictures\iCloud Photos\Shared\London Loveliness Nov 2019,0191962970c41d0a8302b2ae40f555ad63d0477e3e.jpg,806.378,25 May 2020,08 Jul 2020,08 Jul 2020
019273b30efb28ef3fe0de6a803c240f39fb92b138.jpg,D:\Pictures\iCloud Photos\Shared\London Loveliness Nov 2019,019273b30efb28ef3fe0de6a803c240f39fb92b138.jpg,248.461,25 May 2020,08 Jul 2020,08 Jul 2020
0198ca1b2c46875f6b72842d7f0f1c724ff2a3a4c7.jpg,D:\Pictures\iCloud Photos\Shared\London Loveliness Nov 2019,0198ca1b2c46875f6b72842d7f0f1c724ff2a3a4c7.jpg,914.57,25 May 2020,08 Jul 2020,08 Jul 2020
01992472edffe05f23573d52127afe1e9f8084d1ec.jpg,D:\Pictures\iCloud Photos\Shared\London Loveliness Nov 2019,01992472edffe05f23573d52127afe1e9f8084d1ec.jpg,804.202,25 May 2020,08 Jul 2020,08 Jul 2020
0199663df57df72d68c07fb362fe74b12941c64ce6.jpg,D:\Pictures\iCloud Photos\Shared\London Loveliness Nov 2019,0199663df57df72d68c07fb362fe74b12941c64ce6.jpg,672.913,25 May 2020,08 Jul 2020,08 Jul 2020
019c04c748a525c85df9a287d4844d75172b74a9b2.jpg,D:\Pictures\iCloud Photos\Shared\London Loveliness Nov 2019,019c04c748a525c85df9a287d4844d75172b74a9b2.jpg,417.142,25 May 2020,08 Jul 2020,08 Jul 2020
019e8c164df991d68dc213e249bdef3cfb2fc208b5.jpg,D:\Pictures\iCloud Photos\Shared\London Loveliness Nov 2019,019e8c164df991d68dc213e249bdef3cfb2fc208b5.jpg,807.383,25 May 2020,08 Jul 2020,08 Jul 2020
01a17cd291e3325ac44297857a9b9dd07c3c745b63.jpg,D:\Pictures\iCloud Photos\Shared\London Loveliness Nov 2019,01a17cd291e3325ac44297857a9b9dd07c3c745b63.jpg,941.053,25 May 2020,08 Jul 2020,08 Jul 2020
01a1d957a1ccf7f6176887f19a312db5656f2ff9ec.jpg,D:\Pictures\iCloud Photos\Shared\London Loveliness Nov 2019,01a1d957a1ccf7f6176887f19a312db5656f2ff9ec.jpg,836.748,25 May 2020,08 Jul 2020,08 Jul 2020
01a28f9c623aaa7a3770634ccf71340a1c16e50824.jpg,D:\Pictures\iCloud Photos\Shared\London Loveliness Nov 2019,01a28f9c623aaa7a3770634ccf71340a1c16e50824.jpg,1183.8,25 May 2020,08 Jul 2020,08 Jul 2020
01a544e7fe34292adb841d07a198edef5fcd7cbbf3.jpg,D:\Pictures\iCloud Photos\Shared\London Loveliness Nov 2019,01a544e7fe34292adb841d07a198edef5fcd7cbbf3.jpg,645.846,25 May 2020,08 Jul 2020,08 Jul 2020
01a608645fc670426897da7cd380ce57696f249e66.jpg,D:\Pictures\iCloud Photos\Shared\London Loveliness Nov 2019,01a608645fc670426897da7cd380ce57696f249e66.jpg,885.462,25 May 2020,08 Jul 2020,08 Jul 2020
01a71bac7a67fe4efa9bff21e9ce3384a5ff0042d2.jpg,D:\Pictures\iCloud Photos\Shared\London Loveliness Nov 2019,01a71bac7a67fe4efa9bff21e9ce3384a5ff0042d2.jpg,758.934,25 May 2020,08 Jul 2020,08 Jul 2020
01a7825d7f20e9f7dada81a1d24423680a58934ecb.jpg,D:\Pictures\iCloud Photos\Shared\London Loveliness Nov 2019,01a7825d7f20e9f7dada81a1d24423680a58934ecb.jpg,819.137,25 May 2020,08 Jul 2020,08 Jul 2020
01aa91f0566aae5166b81fc6c05383d6c237baf3b1.jpg,D:\Pictures\iCloud Photos\Shared\London Loveliness Nov 2019,01aa91f0566aae5166b81fc6c05383d6c237baf3b1.jpg,599.801,25 May 2020,08 Jul 2020,08 Jul 2020
01aaa8d2d9706203920756aa1beb39354e2e12b759.jpg,D:\Pictures\iCloud Photos\Shared\London Loveliness Nov 2019,01aaa8d2d9706203920756aa1beb39354e2e12b759.jpg,651.56,25 May 2020,08 Jul 2020,08 Jul 2020
01aabb1d609cf4820e279d4878f1228c8d7ec08c92.jpg,D:\Pictures\iCloud Photos\Shared\London Loveliness Nov 2019,01aabb1d609cf4820e279d4878f1228c8d7ec08c92.jpg,949.088,25 May 2020,08 Jul 2020,08 Jul 2020
01aaeb8b38714ff873ae0fb66a73abd74f742ce22c.jpg,D:\Pictures\iCloud Photos\Shared\London Loveliness Nov 2019,01aaeb8b38714ff873ae0fb66a73abd74f742ce22c.jpg,764.322,25 May 2020,08 Jul 2020,08 Jul 2020
01abed95414dede47018cedb6f2daace1adbde1413.jpg,D:\Pictures\iCloud Photos\Shared\London Loveliness Nov 2019,01abed95414dede47018cedb6f2daace1adbde1413.jpg,852.11,25 May 2020,08 Jul 2020,08 Jul 2020
01ae3e954eeb3f2d0e4733745828b3575a591009d0.jpg,D:\Pictures\iCloud Photos\Shared\London Loveliness Nov 2019,01ae3e954eeb3f2d0e4733745828b3575a591009d0.jpg,869.222,25 May 2020,08 Jul 2020,08 Jul 2020
01afce60c8e052cdc0cd61d648e3e1f65e721135a9.jpg,D:\Pictures\iCloud Photos\Shared\London Loveliness Nov 2019,01afce60c8e052cdc0cd61d648e3e1f65e721135a9.jpg,873.498,25 May 2020,08 Jul 2020,08 Jul 2020
01b041c6b9739a8e09d3689e2da05f3aec40dfbcc0.jpg,D:\Pictures\iCloud Photos\Shared\London Loveliness Nov 2019,01b041c6b9739a8e09d3689e2da05f3aec40dfbcc0.jpg,1292.194,25 May 2020,08 Jul 2020,08 Jul 2020
01b16008368311797247735050f73081f24460a925.jpg,D:\Pictures\iCloud Photos\Shared\London Loveliness Nov 2019,01b16008368311797247735050f73081f24460a925.jpg,745.344,25 May 2020,08 Jul 2020,08 Jul 2020
01b19e700e1b985eab97f82d01e333c186f4544d10.jpg,D:\Pictures\iCloud Photos\Shared\London Loveliness Nov 2019,01b19e700e1b985eab97f82d01e333c186f4544d10.jpg,902.509,25 May 2020,08 Jul 2020,08 Jul 2020
01b1ef8cbefc5d4a34ae33a6a3fdd4f918192c9453.jpg,D:\Pictures\iCloud Photos\Shared\London Loveliness Nov 2019,01b1ef8cbefc5d4a34ae33a6a3fdd4f918192c9453.jpg,1269.81,25 May 2020,08 Jul 2020,08 Jul 2020
01b2195dfb99f6d8b3db69624ac5bc01756a58b5be.jpg,D:\Pictures\iCloud Photos\Shared\London Loveliness Nov 2019,01b2195dfb99f6d8b3db69624ac5bc01756a58b5be.jpg,854.824,25 May 2020,08 Jul 2020,08 Jul 2020
01b482fa2c670c97861daff3d9dde12bfde1c3a297.jpg,D:\Pictures\iCloud Photos\Shared\London Loveliness Nov 2019,01b482fa2c670c97861daff3d9dde12bfde1c3a297.jpg,825.145,25 May 2020,08 Jul 2020,08 Jul 2020
01b5746ffb558033b29d746afb86a10f179a00c1e9.jpg,D:\Pictures\iCloud Photos\Shared\London Loveliness Nov 2019,01b5746ffb558033b29d746afb86a10f179a00c1e9.jpg,630.235,25 May 2020,08 Jul 2020,08 Jul 2020
01b59a0457e8440645689bfb09ff75d71bef725c46.jpg,D:\Pictures\iCloud Photos\Shared\London Loveliness Nov 2019,01b59a0457e8440645689bfb09ff75d71bef725c46.jpg,614.302,25 May 2020,08 Jul 2020,08 Jul 2020
01b6f37a6606e7d4451d94b1d04dff306d623d1e17.jpg,D:\Pictures\iCloud Photos\Shared\London Loveliness Nov 2019,01b6f37a6606e7d4451d94b1d04dff306d623d1e17.jpg,1074.912,25 May 2020,08 Jul 2020,08 Jul 2020
01b96360a18047b8867aa8c2b43a12ca1ee22eaab0.jpg,D:\Pictures\iCloud Photos\Shared\London Loveliness Nov 2019,01b96360a18047b8867aa8c2b43a12ca1ee22eaab0.jpg,858.16,25 May 2020,08 Jul 2020,08 Jul 2020
01b97a1e3c4b4ebaebdd74e9dc5301d31228904334.jpg,D:\Pictures\iCloud Photos\Shared\London Loveliness Nov 2019,01b97a1e3c4b4ebaebdd74e9dc5301d31228904334.jpg,837.491,25 May 2020,08 Jul 2020,08 Jul 2020
01c09bc507b4ea1c34ea4ca7e2ee3a396eff13eab0.jpg,D:\Pictures\iCloud Photos\Shared\London Loveliness Nov 2019,01c09bc507b4ea1c34ea4ca7e2ee3a396eff13eab0.jpg,894.354,25 May 2020,08 Jul 2020,08 Jul 2020
01c23e981ed12f761b371bc59ba9634f4935162496.jpg,D:\Pictures\iCloud Photos\Shared\London Loveliness Nov 2019,01c23e981ed12f761b371bc59ba9634f4935162496.jpg,836.636,25 May 2020,08 Jul 2020,08 Jul 2020
01c24165d0da36ebdee926fb575fe2ca6c371eab77.jpg,D:\Pictures\iCloud Photos\Shared\London Loveliness Nov 2019,01c24165d0da36ebdee926fb575fe2ca6c371eab77.jpg,868.052,25 May 2020,08 Jul 2020,08 Jul 2020
01c4293c707c244822438eef485c776acf42cab1f6.jpg,D:\Pictures\iCloud Photos\Shared\London Loveliness Nov 2019,01c4293c707c244822438eef485c776acf42cab1f6.jpg,743.487,25 May 2020,08 Jul 2020,08 Jul 2020
01c5276477826f21484914ebed49ba76490922dba7.jpg,D:\Pictures\iCloud Photos\Shared\London Loveliness Nov 2019,01c5276477826f21484914ebed49ba76490922dba7.jpg,844.771,25 May 2020,08 Jul 2020,08 Jul 2020
01c7c6204985e228d1ef5056d9efb0fc6784b6c970.jpg,D:\Pictures\iCloud Photos\Shared\London Loveliness Nov 2019,01c7c6204985e228d1ef5056d9efb0fc6784b6c970.jpg,962.889,25 May 2020,08 Jul 2020,08 Jul 2020
01c821d8a3b41336f3f24f841f3f8cb403eabd72d1.jpg,D:\Pictures\iCloud Photos\Shared\London Loveliness Nov 2019,01c821d8a3b41336f3f24f841f3f8cb403eabd72d1.jpg,894.329,25 May 2020,08 Jul 2020,08 Jul 2020
01c9bc376a574fafbedf074305e4682139eace776e.jpg,D:\Pictures\iCloud Photos\Shared\London Loveliness Nov 2019,01c9bc376a574fafbedf074305e4682139eace776e.jpg,1605.66,25 May 2020,08 Jul 2020,08 Jul 2020
01c9fbb53e57bccd9aa889bf7686996102b2d4a22b.jpg,D:\Pictures\iCloud Photos\Shared\London Loveliness Nov 2019,01c9fbb53e57bccd9aa889bf7686996102b2d4a22b.jpg,876.522,25 May 2020,08 Jul 2020,08 Jul 2020
01ca5343d8a57b7d10882dda457965ae33303e1a72.jpg,D:\Pictures\iCloud Photos\Shared\London Loveliness Nov 2019,01ca5343d8a57b7d10882dda457965ae33303e1a72.jpg,1210.128,25 May 2020,08 Jul 2020,08 Jul 2020
01ca6f466dc186477ef8eaaa6269ed45b00236b656.jpg,D:\Pictures\iCloud Photos\Shared\London Loveliness Nov 2019,01ca6f466dc186477ef8eaaa6269ed45b00236b656.jpg,746.266,25 May 2020,08 Jul 2020,08 Jul 2020
01caacfd694542520dee55d4b2c80ca981364a3bfb.jpg,D:\Pictures\iCloud Photos\Shared\London Loveliness Nov 2019,01caacfd694542520dee55d4b2c80ca981364a3bfb.jpg,899.772,25 May 2020,08 Jul 2020,08 Jul 2020
01cc9bdce436d9adefed2fcce74539d0d989ef73df.jpg,D:\Pictures\iCloud Photos\Shared\London Loveliness Nov 2019,01cc9bdce436d9adefed2fcce74539d0d989ef73df.jpg,675.597,25 May 2020,08 Jul 2020,08 Jul 2020
01cd78160bae9a718970b3f96386ba46e10575afbb.jpg,D:\Pictures\iCloud Photos\Shared\London Loveliness Nov 2019,01cd78160bae9a718970b3f96386ba46e10575afbb.jpg,929.659,25 May 2020,08 Jul 2020,08 Jul 2020
01cd8b97092967681475cec28af86b7d811268ff3a.jpg,D:\Pictures\iCloud Photos\Shared\London Loveliness Nov 2019,01cd8b97092967681475cec28af86b7d811268ff3a.jpg,854.609,25 May 2020,08 Jul 2020,08 Jul 2020
01d1d4c489951b3428a32a952f311c9a28ff49b33d.jpg,D:\Pictures\iCloud Photos\Shared\London Loveliness Nov 2019,01d1d4c489951b3428a32a952f311c9a28ff49b33d.jpg,1325.269,25 May 2020,08 Jul 2020,08 Jul 2020
01d4436b78789816849c6592e7f6a9197e7aec2e48.jpg,D:\Pictures\iCloud Photos\Shared\London Loveliness Nov 2019,01d4436b78789816849c6592e7f6a9197e7aec2e48.jpg,915.172,25 May 2020,08 Jul 2020,08 Jul 2020
01d560575006bdc32824c6ecb86c4f84683b4165f7.jpg,D:\Pictures\iCloud Photos\Shared\London Loveliness Nov 2019,01d560575006bdc32824c6ecb86c4f84683b4165f7.jpg,749.481,25 May 2020,08 Jul 2020,08 Jul 2020
01d5c1c07efb6e2adc0d0c61acd406f90d8f54aa82.jpg,D:\Pictures\iCloud Photos\Shared\London Loveliness Nov 2019,01d5c1c07efb6e2adc0d0c61acd406f90d8f54aa82.jpg,886.582,25 May 2020,08 Jul 2020,08 Jul 2020
01d5fbd20a569cb6bce45625b21e3d7146c1036cb0.jpg,D:\Pictures\iCloud Photos\Shared\London Loveliness Nov 2019,01d5fbd20a569cb6bce45625b21e3d7146c1036cb0.jpg,966.71,25 May 2020,08 Jul 2020,08 Jul 2020
01d67cdf0a8830b10e83798af28e119ed8280c281d.jpg,D:\Pictures\iCloud Photos\Shared\London Loveliness Nov 2019,01d67cdf0a8830b10e83798af28e119ed8280c281d.jpg,786.469,25 May 2020,08 Jul 2020,08 Jul 2020
01d85934b7c4b23a57bd75b098342b10624b00a6ee.jpg,D:\Pictures\iCloud Photos\Shared\London Loveliness Nov 2019,01d85934b7c4b23a57bd75b098342b10624b00a6ee.jpg,978.217,25 May 2020,08 Jul 2020,08 Jul 2020
01db056db1a6926bddf5532c53e4930bb7d76367a0.jpg,D:\Pictures\iCloud Photos\Shared\London Loveliness Nov 2019,01db056db1a6926bddf5532c53e4930bb7d76367a0.jpg,464.054,25 May 2020,08 Jul 2020,08 Jul 2020
01db553d5399b755336355c5efa07fe223f87878fd.jpg,D:\Pictures\iCloud Photos\Shared\London Loveliness Nov 2019,01db553d5399b755336355c5efa07fe223f87878fd.jpg,985.595,25 May 2020,08 Jul 2020,08 Jul 2020
01dd7ccfbeb547564d03f4e51a37faf7c26debf53f.jpg,D:\Pictures\iCloud Photos\Shared\London Loveliness Nov 2019,01dd7ccfbeb547564d03f4e51a37faf7c26debf53f.jpg,1062.355,25 May 2020,08 Jul 2020,08 Jul 2020
01de55da9899a9dc95936898cadcdc4f4a6755f6e2.jpg,D:\Pictures\iCloud Photos\Shared\London Loveliness Nov 2019,01de55da9899a9dc95936898cadcdc4f4a6755f6e2.jpg,341.785,25 May 2020,08 Jul 2020,08 Jul 2020
01dece22100e0b424133acd6cefcfec854c3a86efa.jpg,D:\Pictures\iCloud Photos\Shared\London Loveliness Nov 2019,01dece22100e0b424133acd6cefcfec854c3a86efa.jpg,702.727,25 May 2020,08 Jul 2020,08 Jul 2020
01e027377153d20668b94565ec29dcf9ef4dda71ec.jpg,D:\Pictures\iCloud Photos\Shared\London Loveliness Nov 2019,01e027377153d20668b94565ec29dcf9ef4dda71ec.jpg,919.665,25 May 2020,08 Jul 2020,08 Jul 2020
01e049ea10f2b94ba197fb82d3f6997d1cb74f1b95.jpg,D:\Pictures\iCloud Photos\Shared\London Loveliness Nov 2019,01e049ea10f2b94ba197fb82d3f6997d1cb74f1b95.jpg,799.203,25 May 2020,08 Jul 2020,08 Jul 2020
01e199118225a60c1eda598dff292652b8f3b20f55.jpg,D:\Pictures\iCloud Photos\Shared\London Loveliness Nov 2019,01e199118225a60c1eda598dff292652b8f3b20f55.jpg,619.1,25 May 2020,08 Jul 2020,08 Jul 2020
01e2766122d5cbefc5e67b2b266df036d0231a0013.jpg,D:\Pictures\iCloud Photos\Shared\London Loveliness Nov 2019,01e2766122d5cbefc5e67b2b266df036d0231a0013.jpg,988.651,25 May 2020,08 Jul 2020,08 Jul 2020
01e3f1f06f6ae589c1a6a568927f491afdb343924e.jpg,D:\Pictures\iCloud Photos\Shared\London Loveliness Nov 2019,01e3f1f06f6ae589c1a6a568927f491afdb343924e.jpg,835.991,25 May 2020,08 Jul 2020,08 Jul 2020
01e4f5cb0a97b39fb26bef64f85f3ef6342b778145.jpg,D:\Pictures\iCloud Photos\Shared\London Loveliness Nov 2019,01e4f5cb0a97b39fb26bef64f85f3ef6342b778145.jpg,855.772,25 May 2020,08 Jul 2020,08 Jul 2020
01e4f6dd1422f39b79de607314357d1c3034e567d0.jpg,D:\Pictures\iCloud Photos\Shared\London Loveliness Nov 2019,01e4f6dd1422f39b79de607314357d1c3034e567d0.jpg,623.84,25 May 2020,08 Jul 2020,08 Jul 2020
01e6e7b5248f04995654fe43a4961efb426290425c.jpg,D:\Pictures\iCloud Photos\Shared\London Loveliness Nov 2019,01e6e7b5248f04995654fe43a4961efb426290425c.jpg,1047.653,25 May 2020,08 Jul 2020,08 Jul 2020
01eb1f4a6b22dfd18dfe8e96ca4410197830ced8ba.jpg,D:\Pictures\iCloud Photos\Shared\London Loveliness Nov 2019,01eb1f4a6b22dfd18dfe8e96ca4410197830ced8ba.jpg,1204.934,25 May 2020,08 Jul 2020,08 Jul 2020
01ec2c965e2192ef229f2793d72377be9cbed0a252.jpg,D:\Pictures\iCloud Photos\Shared\London Loveliness Nov 2019,01ec2c965e2192ef229f2793d72377be9cbed0a252.jpg,859.349,25 May 2020,08 Jul 2020,08 Jul 2020
01ecd2c50a1f7061a5e5e4c4e224168d6b16755446.jpg,D:\Pictures\iCloud Photos\Shared\London Loveliness Nov 2019,01ecd2c50a1f7061a5e5e4c4e224168d6b16755446.jpg,605.82,25 May 2020,08 Jul 2020,08 Jul 2020
01ece31f844d36c4416673b532bf33dcc76180d383.jpg,D:\Pictures\iCloud Photos\Shared\London Loveliness Nov 2019,01ece31f844d36c4416673b532bf33dcc76180d383.jpg,1052.456,25 May 2020,08 Jul 2020,08 Jul 2020
01f08cf6d2d8f5d4e2a46259807f25a0ce9134555c.jpg,D:\Pictures\iCloud Photos\Shared\London Loveliness Nov 2019,01f08cf6d2d8f5d4e2a46259807f25a0ce9134555c.jpg,627.556,25 May 2020,08 Jul 2020,08 Jul 2020
01f3a338b8b6b6cd1adf08ab5693b12b3f42121b0d.jpg,D:\Pictures\iCloud Photos\Shared\London Loveliness Nov 2019,01f3a338b8b6b6cd1adf08ab5693b12b3f42121b0d.jpg,882.139,25 May 2020,08 Jul 2020,08 Jul 2020
01f739b78bf177fcdac41f1fb8701ce51c5a62f96b.jpg,D:\Pictures\iCloud Photos\Shared\London Loveliness Nov 2019,01f739b78bf177fcdac41f1fb8701ce51c5a62f96b.jpg,935.534,25 May 2020,08 Jul 2020,08 Jul 2020
01f897095e50e481e8a44ed7d699291ca9b16c4928.jpg,D:\Pictures\iCloud Photos\Shared\London Loveliness Nov 2019,01f897095e50e481e8a44ed7d699291ca9b16c4928.jpg,780.541,25 May 2020,08 Jul 2020,08 Jul 2020
01f95df3a24ec5d97d9493b062c0b95e78fafd68b4.jpg,D:\Pictures\iCloud Photos\Shared\London Loveliness Nov 2019,01f95df3a24ec5d97d9493b062c0b95e78fafd68b4.jpg,733.581,25 May 2020,08 Jul 2020,08 Jul 2020
01fb0b45f583b8e976cdfe59985de1bdefd6ebc58b.jpg,D:\Pictures\iCloud Photos\Shared\London Loveliness Nov 2019,01fb0b45f583b8e976cdfe59985de1bdefd6ebc58b.jpg,535.196,25 May 2020,08 Jul 2020,08 Jul 2020
01fbea9900b6c634b65ddbd3f58ddef472e21b59fb.jpg,D:\Pictures\iCloud Photos\Shared\London Loveliness Nov 2019,01fbea9900b6c634b65ddbd3f58ddef472e21b59fb.jpg,803.988,25 May 2020,08 Jul 2020,08 Jul 2020
01fd791fccad631579692a70ea5c7358cac9095042.jpg,D:\Pictures\iCloud Photos\Shared\London Loveliness Nov 2019,01fd791fccad631579692a70ea5c7358cac9095042.jpg,1164.556,25 May 2020,08 Jul 2020,08 Jul 2020
01fde3691c1b1bd1e1c5a8de3f771abbbd4efee390.jpg,D:\Pictures\iCloud Photos\Shared\London Loveliness Nov 2019,01fde3691c1b1bd1e1c5a8de3f771abbbd4efee390.jpg,739.568,25 May 2020,08 Jul 2020,08 Jul 2020
01fe222c84fd681ead670ae6ab98fc32c790b3d721.jpg,D:\Pictures\iCloud Photos\Shared\London Loveliness Nov 2019,01fe222c84fd681ead670ae6ab98fc32c790b3d721.jpg,928.344,25 May 2020,08 Jul 2020,08 Jul 2020
01fe887a0f2378ff70e8d365599151318665529de1.jpg,D:\Pictures\iCloud Photos\Shared\London Loveliness Nov 2019,01fe887a0f2378ff70e8d365599151318665529de1.jpg,951.939,25 May 2020,08 Jul 2020,08 Jul 2020
01feaedbde4b64e758f54c1f3f6252aed3f630fc7a.jpg,D:\Pictures\iCloud Photos\Shared\London Loveliness Nov 2019,01feaedbde4b64e758f54c1f3f6252aed3f630fc7a.jpg,390.065,25 May 2020,08 Jul 2020,08 Jul 2020
01ff3e2da428830bf5426ab26676c2c04a1d84219b.jpg,D:\Pictures\iCloud Photos\Shared\London Loveliness Nov 2019,01ff3e2da428830bf5426ab26676c2c04a1d84219b.jpg,921.119,25 May 2020,08 Jul 2020,08 Jul 2020
